"Início dos relatórios","Encerramento dos relatórios","Nome da campanha",Plataforma,Posicionamento,"Plataforma do dispositivo","Veiculação da campanha","Configuração de atribuição",Resultados,"Indicador de resultados",Alcance,Frequência,"Custo por resultados","Orçamento do conjunto de anúncios","Tipo de orçamento do conjunto de anúncios","Valor gasto (BRL)",Término,Impressões,"CPM (custo por 1.000 impressões) (BRL)","Cliques no link",shop_clicks,"CPC (custo por clique no link) (BRL)","CTR (taxa de cliques no link)","Cliques (todos)","CTR (todos)","CPC (todos) (BRL)","Visualizações da página de destino","Custo por visualização da página de destino (BRL)","ROAS de doações","ROAS de compras","Valor de conversão das compras com assistência das lojas","Valor de conversão das compras diretas no site","Resultados (iniciais)","Indicador de resultados (inicial)"
2026-08-09,2026-08-13,"07 - EVOLUTE - Vendas - WhatsApp",Instagram,Feed,"No app",active,"Clique de 7 dias ou visualização de 1 dia",100,actions:onsite_conversion.messaging_conversation_started_7d,5344,1.107972,2.02655962,"Usando o orçamento do conjunto de anúncios",0,202.655962,Contínuo,5921,34.226645,129,,1.570976,2.178686,179,3.023138,1.132156,7,28.950852,,,0,0,,
2026-08-09,2026-08-13,"07 - EVOLUTE - Vendas - WhatsApp",Instagram,"Instagram Reels","No app",active,"Clique de 7 dias ou visualização de 1 dia",105,actions:onsite_conversion.messaging_conversation_started_7d,4691,1.15647,1.77326171,"Usando o orçamento do conjunto de anúncios",0,186.19248,Contínuo,5425,34.321194,133,,1.399943,2.451613,205,3.778802,0.908256,4,46.54812,,,0,0,,
2026-08-09,2026-08-13,"07 - EVOLUTE - Vendas - WhatsApp",Instagram,"Instagram Stories","No app",active,"Clique de 7 dias ou visualização de 1 dia",62,actions:onsite_conversion.messaging_conversation_started_7d,2374,1.201348,1.79114425,"Usando o orçamento do conjunto de anúncios",0,111.050944,Contínuo,2852,38.937918,86,,1.29129,3.015428,117,4.102384,0.949153,2,55.525472,,,0,0,,
2026-08-09,2026-08-13,"06 - EVOLUTE - Vendas - Testes Público e Criativo","Audience Network","Nativo, banner e intersticial","No app",active,"Configurações de vários atributos",,,3,1,,"Usando o orçamento do conjunto de anúncios",0,0.15029,Contínuo,3,50.096826,1,,0.15029,33.333333,1,33.333333,0.15029,,,,,0,0,,
2026-08-09,2026-08-13,"06 - EVOLUTE - Vendas - Testes Público e Criativo","Audience Network","Vídeo com incentivo","No app",active,"Configurações de vários atributos",,,4,7,,"Usando o orçamento do conjunto de anúncios",0,0.450871,Contínuo,28,16.102551,,,,,0,0,0,,,,,0,0,,
2026-08-09,2026-08-13,"06 - EVOLUTE - Vendas - Testes Público e Criativo",Facebook,"Facebook Reels","No app",active,"Configurações de vários atributos",,,1643,1.510651,,"Usando o orçamento do conjunto de anúncios",0,121.384611,Contínuo,2482,48.905967,37,,3.280665,1.490733,54,2.175665,2.247863,31,3.915633,,,0,0,,
2026-08-09,2026-08-13,"06 - EVOLUTE - Vendas - Testes Público e Criativo",Facebook,"Facebook Reels","Web móvel",active,"Configurações de vários atributos",,,2,1,,"Usando o orçamento do conjunto de anúncios",0,0,Contínuo,2,0,,,,,0,0,0,,,,,0,0,,
2026-08-09,2026-08-13,"06 - EVOLUTE - Vendas - Testes Público e Criativo",Facebook,"Anúncios no Facebook Reels","No app",active,"Configurações de vários atributos",,,50,1.84,,"Usando o orçamento do conjunto de anúncios",0,0.63122,Contínuo,92,6.861087,,,,,0,0,0,,,,,0,0,,
2026-08-09,2026-08-13,"06 - EVOLUTE - Vendas - Testes Público e Criativo",Facebook,"Facebook Stories","No app",active,"Configurações de vários atributos",,,171,1.426901,,"Usando o orçamento do conjunto de anúncios",0,16.762398,Contínuo,244,68.698353,8,,2.0953,3.278689,8,3.278689,2.0953,7,2.394628,,,0,0,,
2026-08-09,2026-08-13,"06 - EVOLUTE - Vendas - Testes Público e Criativo",Facebook,Feed,Computador,active,"Configurações de vários atributos",,,47,1.617021,,"Usando o orçamento do conjunto de anúncios",0,6.482529,Contínuo,76,85.296439,1,,6.482529,1.315789,2,2.631579,3.241265,1,6.482529,,,0,0,,
2026-08-09,2026-08-13,"06 - EVOLUTE - Vendas - Testes Público e Criativo",Facebook,Feed,"No app",active,"Configurações de vários atributos",,,1442,2.049237,,"Usando o orçamento do conjunto de anúncios",0,147.254612,Contínuo,2955,49.832356,62,,2.375074,2.098139,93,3.147208,1.583383,51,2.887345,,,0,0,,
2026-08-09,2026-08-13,"06 - EVOLUTE - Vendas - Testes Público e Criativo",Facebook,Feed,"Web móvel",active,"Configurações de vários atributos",,,9,4,,"Usando o orçamento do conjunto de anúncios",0,0.240465,Contínuo,36,6.679577,,,,,0,0,0,,,,,0,0,,
2026-08-09,2026-08-13,"06 - EVOLUTE - Vendas - Testes Público e Criativo",Facebook,"Reels in-stream","No app",active,"Configurações de vários atributos",,,86,1.77907,,"Usando o orçamento do conjunto de anúncios",0,6.131852,Contínuo,153,40.077461,5,,1.22637,3.267974,7,4.575163,0.875979,5,1.22637,,,0,0,,
2026-08-09,2026-08-13,"06 - EVOLUTE - Vendas - Testes Público e Criativo",Facebook,"Coluna da direita",Computador,active,"Configurações de vários atributos",,,4,2.75,,"Usando o orçamento do conjunto de anúncios",0,0.140271,Contínuo,11,12.751919,,,,,0,0,0,,,,,0,0,,
2026-08-09,2026-08-13,"06 - EVOLUTE - Vendas - Testes Público e Criativo",Facebook,"Resultados da pesquisa",Computador,active,"Configurações de vários atributos",,,2,1,,"Usando o orçamento do conjunto de anúncios",0,0,Contínuo,2,0,,,,,0,0,0,,,,,0,0,,
2026-08-09,2026-08-13,"06 - EVOLUTE - Vendas - Testes Público e Criativo",Facebook,"Resultados da pesquisa","No app",active,"Configurações de vários atributos",,,67,1.089552,,"Usando o orçamento do conjunto de anúncios",0,0.490949,Contínuo,73,6.725327,2,,0.245474,2.739726,2,2.739726,0.245474,2,0.245474,,,0,0,,
2026-08-09,2026-08-13,"06 - EVOLUTE - Vendas - Testes Público e Criativo",Instagram,Feed,Computador,active,"Configurações de vários atributos",,,74,1.054054,,"Usando o orçamento do conjunto de anúncios",0,8.486402,Contínuo,78,108.800031,2,,4.243201,2.564103,3,3.846154,2.828801,1,8.486402,,,0,0,,
2026-08-09,2026-08-13,"06 - EVOLUTE - Vendas - Testes Público e Criativo",Instagram,Feed,"No app",active,"Configurações de vários atributos",8,actions:offsite_conversion.fb_pixel_purchase,16015,1.49104,275.55133194,"Usando o orçamento do conjunto de anúncios",0,2204.410656,Contínuo,23879,92.31587,419,,5.261123,1.75468,531,2.223711,4.151433,406,5.429583,,6.094536,0,0,,
2026-08-09,2026-08-13,"06 - EVOLUTE - Vendas - Testes Público e Criativo",Instagram,Feed,"Web móvel",active,"Configurações de vários atributos",,,3,1,,"Usando o orçamento do conjunto de anúncios",0,0,Contínuo,3,0,,,,,0,0,0,,,,,0,0,,
2026-08-09,2026-08-13,"06 - EVOLUTE - Vendas - Testes Público e Criativo",Instagram,"Instagram Reels",Computador,active,"Configurações de vários atributos",,,51,1.078431,,"Usando o orçamento do conjunto de anúncios",0,2.875558,Contínuo,55,52.28287,,,,,4,7.272727,0.718889,,,,,0,0,,
2026-08-09,2026-08-13,"06 - EVOLUTE - Vendas - Testes Público e Criativo",Instagram,"Instagram Reels","No app",active,"Configurações de vários atributos",9,actions:offsite_conversion.fb_pixel_purchase,15167,1.235182,135.36162514,"Usando o orçamento do conjunto de anúncios",0,1218.254626,Contínuo,18734,65.029072,233,,5.228561,1.243728,380,2.028398,3.205933,191,6.378296,,11.791886,0,0,,
2026-08-09,2026-08-13,"06 - EVOLUTE - Vendas - Testes Público e Criativo",Instagram,"Instagram Reels","Web móvel",active,"Configurações de vários atributos",,,3,1,,"Usando o orçamento do conjunto de anúncios",0,0,Contínuo,3,0,,,,,0,0,0,,,,,0,0,,
2026-08-09,2026-08-13,"06 - EVOLUTE - Vendas - Testes Público e Criativo",Instagram,"Instagram Stories","No app",active,"Configurações de vários atributos",7,actions:offsite_conversion.fb_pixel_purchase,13892,1.594299,247.17487917,"Usando o orçamento do conjunto de anúncios",0,1730.224154,Contínuo,22148,78.121011,420,,4.119581,1.896334,576,2.600686,3.003861,409,4.230377,,6.977558,0,0,,
2026-08-09,2026-08-13,"06 - EVOLUTE - Vendas - Testes Público e Criativo",Messenger,"Messenger Stories","No app",active,"Configurações de vários atributos",,,1,1,,"Usando o orçamento do conjunto de anúncios",0,0,Contínuo,1,0,,,,,0,0,0,,,,,0,0,,
2026-08-09,2026-08-13,"06 - EVOLUTE - Vendas - Testes Público e Criativo",Threads,"Feed do Threads","No app",active,"Configurações de vários atributos",,,27,1.111111,,"Usando o orçamento do conjunto de anúncios",0,1.643176,Contínuo,30,54.77253,,,,,0,0,0,,,,,0,0,,
2026-08-09,2026-08-13,"06 - EVOLUTE - Vendas - Testes Público e Criativo","Sem categoria","Sem categoria","Sem categoria",active,"Configurações de vários atributos",,,0,0,,"Usando o orçamento do conjunto de anúncios",0,0,Contínuo,0,0,4,,0,,0,0,0,5,0,,,0,0,,
2026-08-09,2026-08-13,"05 - EVOLUTE - Vendas - Remarketing",Instagram,Feed,Computador,active,"Configurações de vários atributos",,,44,1.409091,,"Usando o orçamento do conjunto de anúncios",0,4.764023,Contínuo,62,76.839081,3,,1.588008,4.83871,3,4.83871,1.588008,3,1.588008,,,0,0,,
2026-08-09,2026-08-13,"05 - EVOLUTE - Vendas - Remarketing",Instagram,Feed,"No app",active,"Configurações de vários atributos",5,actions:offsite_conversion.fb_pixel_purchase,7890,1.689734,217.1954137,"Usando o orçamento do conjunto de anúncios",0,1085.977068,Contínuo,13332,81.456426,235,,4.621179,1.762676,304,2.280228,3.572293,236,4.601598,,3.873728,0,0,,
2026-08-09,2026-08-13,"05 - EVOLUTE - Vendas - Remarketing",Instagram,"Instagram Reels",Computador,active,"Configurações de vários atributos",,,4,1.25,,"Usando o orçamento do conjunto de anúncios",0,0.050042,Contínuo,5,10.008452,,,,,0,0,0,,,,,0,0,,
2026-08-09,2026-08-13,"05 - EVOLUTE - Vendas - Remarketing",Instagram,"Instagram Reels","No app",active,"Configurações de vários atributos",1,actions:offsite_conversion.fb_pixel_purchase,3242,1.282542,312.99431241,"Usando o orçamento do conjunto de anúncios",0,312.994312,Contínuo,4158,75.275207,64,,4.890536,1.539202,89,2.140452,3.51679,50,6.259886,,6.923448,0,0,,
2026-08-09,2026-08-13,"05 - EVOLUTE - Vendas - Remarketing",Instagram,"Instagram Stories","No app",active,"Configurações de vários atributos",3,actions:offsite_conversion.fb_pixel_purchase,8387,2.03112,329.42151793,"Usando o orçamento do conjunto de anúncios",0,988.264554,Contínuo,17035,58.013769,321,,3.078706,1.884356,408,2.395069,2.422217,296,3.338732,,2.791803,0,0,,
2026-08-09,2026-08-13,"04 - EVOLUTE - Tráfego - Aquecimento",Facebook,"Facebook Reels","No app",active,"Clique de 1 dia",20,profile_visit_view,1105,1.182805,0.63746567,"Usando o orçamento do conjunto de anúncios",0,12.749313,Contínuo,1307,9.754639,28,,0.455333,2.142311,71,5.432288,0.179568,7,1.82133,,,0,0,,
2026-08-09,2026-08-13,"04 - EVOLUTE - Tráfego - Aquecimento",Facebook,"Facebook Stories","No app",active,"Clique de 1 dia",6,profile_visit_view,170,1.052941,0.44972007,"Usando o orçamento do conjunto de anúncios",0,2.69832,Contínuo,179,15.074416,9,,0.299813,5.027933,9,5.027933,0.299813,1,2.69832,,,0,0,,
2026-08-09,2026-08-13,"04 - EVOLUTE - Tráfego - Aquecimento",Facebook,Feed,"No app",active,"Clique de 1 dia",10,profile_visit_view,509,1.196464,0.38217847,"Usando o orçamento do conjunto de anúncios",0,3.821785,Contínuo,609,6.275509,13,,0.293983,2.134647,29,4.761905,0.131786,2,1.910892,,,0,0,,
2026-08-09,2026-08-13,"04 - EVOLUTE - Tráfego - Aquecimento",Instagram,Feed,"No app",active,"Clique de 1 dia",115,profile_visit_view,3151,1.131387,0.33913269,"Usando o orçamento do conjunto de anúncios",0,39.00026,Contínuo,3565,10.939764,116,,0.336209,3.253857,111,3.113604,0.351354,34,1.147066,,,0,0,,
2026-08-09,2026-08-13,"04 - EVOLUTE - Tráfego - Aquecimento",Instagram,"Instagram Reels","No app",active,"Clique de 1 dia",87,profile_visit_view,1630,1.072393,0.26195719,"Usando o orçamento do conjunto de anúncios",0,22.790275,Contínuo,1748,13.037915,95,,0.239898,5.434783,84,4.805492,0.271313,28,0.813938,,,0,0,,
2026-08-09,2026-08-13,"04 - EVOLUTE - Tráfego - Aquecimento",Instagram,"Instagram Stories","No app",active,"Clique de 1 dia",44,profile_visit_view,1124,1.105872,0.36886469,"Usando o orçamento do conjunto de anúncios",0,16.230046,Contínuo,1243,13.057157,49,,0.331225,3.942076,44,3.539823,0.368865,11,1.475459,,,0,0,,
2026-08-09,2026-08-13,"03 - EVOLUTE - Engajamento - Aquecimento",Facebook,"Facebook Reels","No app",active,"Clique de 7 dias ou visualização de 1 dia",95,video_thruplay_watched_actions,583,1.171527,0.04028508,"Usando o orçamento do conjunto de anúncios",0,3.827082,Contínuo,683,5.603342,5,,0.765416,0.732064,22,3.221083,0.173958,4,0.956771,,,0,0,,
2026-08-09,2026-08-13,"03 - EVOLUTE - Engajamento - Aquecimento",Facebook,"Facebook Stories","No app",active,"Clique de 7 dias ou visualização de 1 dia",21,video_thruplay_watched_actions,112,1.080357,0.05390929,"Usando o orçamento do conjunto de anúncios",0,1.132095,Contínuo,121,9.356158,2,,0.566048,1.652893,3,2.479339,0.377365,1,1.132095,,,0,0,,
2026-08-09,2026-08-13,"03 - EVOLUTE - Engajamento - Aquecimento",Facebook,Feed,Computador,active,"Clique de 7 dias ou visualização de 1 dia",1,video_thruplay_watched_actions,5,1.8,0.01001854,"Usando o orçamento do conjunto de anúncios",0,0.010019,Contínuo,9,1.113171,,,,,0,0,0,,,,,0,0,,
2026-08-09,2026-08-13,"03 - EVOLUTE - Engajamento - Aquecimento",Facebook,Feed,"No app",active,"Clique de 7 dias ou visualização de 1 dia",85,video_thruplay_watched_actions,809,1.196539,0.04679248,"Usando o orçamento do conjunto de anúncios",0,3.977361,Contínuo,968,4.108844,,,,,28,2.892562,0.142049,,,,,0,0,,
2026-08-09,2026-08-13,"03 - EVOLUTE - Engajamento - Aquecimento",Facebook,Feed,"Web móvel",active,"Clique de 7 dias ou visualização de 1 dia",,,2,1.5,,"Usando o orçamento do conjunto de anúncios",0,0.010019,Contínuo,3,3.339513,,,,,0,0,0,,,,,0,0,,
2026-08-09,2026-08-13,"03 - EVOLUTE - Engajamento - Aquecimento",Instagram,Feed,Computador,active,"Clique de 7 dias ou visualização de 1 dia",,,1,1,,"Usando o orçamento do conjunto de anúncios",0,0,Contínuo,1,0,,,,,0,0,0,,,,,0,0,,
2026-08-09,2026-08-13,"03 - EVOLUTE - Engajamento - Aquecimento",Instagram,Feed,"No app",active,"Clique de 7 dias ou visualização de 1 dia",265,video_thruplay_watched_actions,1983,1.16238,0.04665237,"Usando o orçamento do conjunto de anúncios",0,12.362879,Contínuo,2305,5.363505,6,,2.06048,0.260304,17,0.737527,0.727228,5,2.472576,,,0,0,,
2026-08-09,2026-08-13,"03 - EVOLUTE - Engajamento - Aquecimento",Instagram,"Instagram Reels",Computador,active,"Clique de 7 dias ou visualização de 1 dia",,,4,1,,"Usando o orçamento do conjunto de anúncios",0,0.010019,Contínuo,4,2.504635,,,,,0,0,0,,,,,0,0,,
2026-08-09,2026-08-13,"03 - EVOLUTE - Engajamento - Aquecimento",Instagram,"Instagram Reels","No app",active,"Clique de 7 dias ou visualização de 1 dia",184,video_thruplay_watched_actions,1207,1.145816,0.04421225,"Usando o orçamento do conjunto de anúncios",0,8.135055,Contínuo,1383,5.88218,,,,,14,1.012292,0.581075,,,,,0,0,,
2026-08-09,2026-08-13,"03 - EVOLUTE - Engajamento - Aquecimento",Instagram,"Instagram Reels","Web móvel",active,"Clique de 7 dias ou visualização de 1 dia",,,3,1,,"Usando o orçamento do conjunto de anúncios",0,0,Contínuo,3,0,,,,,0,0,0,,,,,0,0,,
2026-08-09,2026-08-13,"03 - EVOLUTE - Engajamento - Aquecimento",Instagram,"Instagram Stories",Computador,active,"Clique de 7 dias ou visualização de 1 dia",1,video_thruplay_watched_actions,19,1.315789,0.1001854,"Usando o orçamento do conjunto de anúncios",0,0.100185,Contínuo,25,4.007416,,,,,0,0,0,,,,,0,0,,
2026-08-09,2026-08-13,"03 - EVOLUTE - Engajamento - Aquecimento",Instagram,"Instagram Stories","No app",active,"Clique de 7 dias ou visualização de 1 dia",558,video_thruplay_watched_actions,1242,1.34058,0.04987725,"Usando o orçamento do conjunto de anúncios",0,27.831505,Contínuo,1665,16.715619,9,,3.092389,0.540541,13,0.780781,2.140885,8,3.478938,,,0,0,,
2026-08-09,2026-08-13,"03 - EVOLUTE - Engajamento - Aquecimento",Instagram,"Instagram Stories","Web móvel",active,"Clique de 7 dias ou visualização de 1 dia",,,1,1,,"Usando o orçamento do conjunto de anúncios",0,0,Contínuo,1,0,,,,,0,0,0,,,,,0,0,,
2026-08-09,2026-08-13,"03 - EVOLUTE - Engajamento - Aquecimento",Threads,"Feed do Threads","No app",active,"Clique de 7 dias ou visualização de 1 dia",43,video_thruplay_watched_actions,260,1.184615,0.04752982,"Usando o orçamento do conjunto de anúncios",0,2.043782,Contínuo,308,6.635657,,,,,0,0,0,,,,,0,0,,
2026-08-09,2026-08-13,"02 - EVOLUTE - Vendas - Frio Prospecção",Instagram,Feed,Computador,active,"Clique de 7 dias ou visualização de 1 dia",,,31,1,,530,Diário,2.602472,Contínuo,31,83.950704,,,,,0,0,0,,,,,0,0,,
2026-08-09,2026-08-13,"02 - EVOLUTE - Vendas - Frio Prospecção",Instagram,Feed,"No app",active,"Clique de 7 dias ou visualização de 1 dia",4,actions:offsite_conversion.fb_pixel_purchase,9251,1.255324,322.27359684,530,Diário,1289.094387,Contínuo,11613,111.004425,215,,5.995788,1.851373,260,2.23887,4.958055,208,6.197569,,5.712204,0,0,,
2026-08-09,2026-08-13,"02 - EVOLUTE - Vendas - Frio Prospecção",Instagram,Feed,"Web móvel",active,"Clique de 7 dias ou visualização de 1 dia",,,1,1,,530,Diário,0,Contínuo,1,0,,,,,0,0,0,,,,,0,0,,
2026-08-09,2026-08-13,"02 - EVOLUTE - Vendas - Frio Prospecção",Instagram,"Instagram Reels",Computador,active,"Clique de 7 dias ou visualização de 1 dia",,,25,1,,530,Diário,1.271207,Contínuo,25,50.848296,,,,,1,4,1.271207,,,,,0,0,,
2026-08-09,2026-08-13,"02 - EVOLUTE - Vendas - Frio Prospecção",Instagram,"Instagram Reels","No app",active,"Clique de 7 dias ou visualização de 1 dia",2,actions:offsite_conversion.fb_pixel_purchase,4802,1.119325,220.4994313,530,Diário,440.998863,Contínuo,5375,82.0463,69,,6.391288,1.283721,98,1.823256,4.499988,62,7.112885,,2.163271,0,0,,
2026-08-09,2026-08-13,"02 - EVOLUTE - Vendas - Frio Prospecção",Instagram,"Instagram Stories","No app",active,"Clique de 7 dias ou visualização de 1 dia",9,actions:offsite_conversion.fb_pixel_purchase,8030,1.379328,116.17256342,530,Diário,1045.553071,Contínuo,11076,94.398074,183,,5.713405,1.652221,233,2.103648,4.487352,178,5.873894,,15.473562,0,0,,
2026-08-09,2026-08-13,"02 - EVOLUTE - Vendas - Frio Prospecção","Sem categoria","Sem categoria","Sem categoria",active,"Clique de 7 dias ou visualização de 1 dia",,,0,0,,530,Diário,0,Contínuo,0,0,1,,0,,0,0,0,1,0,,,0,0,,
2026-08-09,2026-08-13,"01 - EVOLUTE - Vendas - Frio Testes","Audience Network","Nativo, banner e intersticial","No app",active,"Clique de 7 dias, visualização de 1 dia ou visualização com engajamento de 1 dia",,,1,1,,"Usando o orçamento do conjunto de anúncios",0,0.010013,Contínuo,1,10.012841,,,,,0,0,0,,,,,0,0,,
2026-08-09,2026-08-13,"01 - EVOLUTE - Vendas - Frio Testes",Facebook,"Facebook Reels","No app",active,"Clique de 7 dias, visualização de 1 dia ou visualização com engajamento de 1 dia",,,179,1.173184,,"Usando o orçamento do conjunto de anúncios",0,17.362267,Contínuo,210,82.677462,7,,2.480324,3.333333,12,5.714286,1.446856,5,3.472453,,,0,0,,
2026-08-09,2026-08-13,"01 - EVOLUTE - Vendas - Frio Testes",Facebook,"Facebook Reels","Web móvel",active,"Clique de 7 dias, visualização de 1 dia ou visualização com engajamento de 1 dia",,,1,1,,"Usando o orçamento do conjunto de anúncios",0,0,Contínuo,1,0,,,,,0,0,0,,,,,0,0,,
2026-08-09,2026-08-13,"01 - EVOLUTE - Vendas - Frio Testes",Facebook,"Anúncios no Facebook Reels","No app",active,"Clique de 7 dias, visualização de 1 dia ou visualização com engajamento de 1 dia",,,18,1.555556,,"Usando o orçamento do conjunto de anúncios",0,0.160205,Contínuo,28,5.721624,,,,,0,0,0,,,,,0,0,,
2026-08-09,2026-08-13,"01 - EVOLUTE - Vendas - Frio Testes",Facebook,"Facebook Stories","No app",active,"Clique de 7 dias, visualização de 1 dia ou visualização com engajamento de 1 dia",,,20,1.3,,"Usando o orçamento do conjunto de anúncios",0,0.760976,Contínuo,26,29.268306,,,,,0,0,0,,,,,0,0,,
2026-08-09,2026-08-13,"01 - EVOLUTE - Vendas - Frio Testes",Facebook,Feed,Computador,active,"Clique de 7 dias, visualização de 1 dia ou visualização com engajamento de 1 dia",,,3,1,,"Usando o orçamento do conjunto de anúncios",0,0.110141,Contínuo,3,36.713752,1,,0.110141,33.333333,1,33.333333,0.110141,1,0.110141,,,0,0,,
2026-08-09,2026-08-13,"01 - EVOLUTE - Vendas - Frio Testes",Facebook,Feed,"No app",active,"Clique de 7 dias, visualização de 1 dia ou visualização com engajamento de 1 dia",,,123,1.325203,,"Usando o orçamento do conjunto de anúncios",0,13.277028,Contínuo,163,81.454157,2,,6.638514,1.226994,6,3.680982,2.212838,2,6.638514,,,0,0,,
2026-08-09,2026-08-13,"01 - EVOLUTE - Vendas - Frio Testes",Facebook,"Reels in-stream","No app",active,"Clique de 7 dias, visualização de 1 dia ou visualização com engajamento de 1 dia",,,18,1.333333,,"Usando o orçamento do conjunto de anúncios",0,1.511939,Contínuo,24,62.99746,,,,,1,4.166667,1.511939,,,,,0,0,,
2026-08-09,2026-08-13,"01 - EVOLUTE - Vendas - Frio Testes",Facebook,"Resultados da pesquisa","No app",active,"Clique de 7 dias, visualização de 1 dia ou visualização com engajamento de 1 dia",,,2,1,,"Usando o orçamento do conjunto de anúncios",0,0.010013,Contínuo,2,5.006421,,,,,0,0,0,,,,,0,0,,
2026-08-09,2026-08-13,"01 - EVOLUTE - Vendas - Frio Testes",Instagram,Feed,Computador,active,"Clique de 7 dias, visualização de 1 dia ou visualização com engajamento de 1 dia",,,6,1,,"Usando o orçamento do conjunto de anúncios",0,0.200257,Contínuo,6,33.376138,1,,0.200257,16.666667,1,16.666667,0.200257,1,0.200257,,,0,0,,
2026-08-09,2026-08-13,"01 - EVOLUTE - Vendas - Frio Testes",Instagram,Feed,"No app",active,"Clique de 7 dias, visualização de 1 dia ou visualização com engajamento de 1 dia",1,actions:offsite_conversion.fb_pixel_purchase,1657,1.183464,333.1372451,"Usando o orçamento do conjunto de anúncios",0,333.137245,Contínuo,1961,169.881308,63,,5.287893,3.212647,71,3.620602,4.692074,64,5.205269,,2.242019,0,0,,
2026-08-09,2026-08-13,"01 - EVOLUTE - Vendas - Frio Testes",Instagram,Feed,"Web móvel",active,"Clique de 7 dias, visualização de 1 dia ou visualização com engajamento de 1 dia",,,1,1,,"Usando o orçamento do conjunto de anúncios",0,0.010013,Contínuo,1,10.012841,1,,0.010013,100,1,100,0.010013,1,0.010013,,,0,0,,
2026-08-09,2026-08-13,"01 - EVOLUTE - Vendas - Frio Testes",Instagram,"Instagram Reels",Computador,active,"Clique de 7 dias, visualização de 1 dia ou visualização com engajamento de 1 dia",,,11,1,,"Usando o orçamento do conjunto de anúncios",0,0.090116,Contínuo,11,8.192325,,,,,0,0,0,,,,,0,0,,
2026-08-09,2026-08-13,"01 - EVOLUTE - Vendas - Frio Testes",Instagram,"Instagram Reels","No app",active,"Clique de 7 dias, visualização de 1 dia ou visualização com engajamento de 1 dia",,,953,1.118573,,"Usando o orçamento do conjunto de anúncios",0,130.80776,Contínuo,1066,122.708968,16,,8.175485,1.500938,24,2.251407,5.450323,12,10.900647,,,0,0,,
2026-08-09,2026-08-13,"01 - EVOLUTE - Vendas - Frio Testes",Instagram,"Instagram Stories","No app",active,"Clique de 7 dias, visualização de 1 dia ou visualização com engajamento de 1 dia",1,actions:offsite_conversion.fb_pixel_purchase,1107,1.268293,204.24193819,"Usando o orçamento do conjunto de anúncios",0,204.241938,Contínuo,1404,145.471466,35,,5.835484,2.492877,46,3.276353,4.440042,35,5.835484,,3.291244,0,0,,
2026-08-09,2026-08-13,"01 - EVOLUTE - Vendas - Frio Testes",Threads,"Feed do Threads","No app",active,"Clique de 7 dias, visualização de 1 dia ou visualização com engajamento de 1 dia",,,7,1,,"Usando o orçamento do conjunto de anúncios",0,0.07009,Contínuo,7,10.012841,,,,,0,0,0,,,,,0,0,,
2026-08-09,2026-08-13,"[PET] Teste Vertical - Conversão (Compra)","Audience Network","Nativo, banner e intersticial","No app",inactive,"Clique de 7 dias ou visualização de 1 dia",,,1,1,,150,Diário,0,Contínuo,1,0,,,,,0,0,0,,,,,0,0,,
2026-08-09,2026-08-13,"[PET] Teste Vertical - Conversão (Compra)",Facebook,"Facebook Reels","No app",inactive,"Clique de 7 dias ou visualização de 1 dia",,,161,1.062112,,150,Diário,1.88,Contínuo,171,10.994152,,,,,46,26.900585,0.04087,,,,,0,0,,
2026-08-09,2026-08-13,"[PET] Teste Vertical - Conversão (Compra)",Facebook,"Anúncios no Facebook Reels","No app",inactive,"Clique de 7 dias ou visualização de 1 dia",,,3,1,,150,Diário,0.01,Contínuo,3,3.333333,,,,,0,0,0,,,,,0,0,,
2026-08-09,2026-08-13,"[PET] Teste Vertical - Conversão (Compra)",Facebook,"Facebook Stories","No app",inactive,"Clique de 7 dias ou visualização de 1 dia",,,1,1,,150,Diário,0.17,Contínuo,1,170,,,,,0,0,0,,,,,0,0,,
2026-08-09,2026-08-13,"[PET] Teste Vertical - Conversão (Compra)",Facebook,Feed,"No app",inactive,"Clique de 7 dias ou visualização de 1 dia",,,180,1.022222,,150,Diário,4.22,Contínuo,184,22.934783,2,,2.11,1.086957,29,15.76087,0.145517,1,4.22,,,0,0,,
2026-08-09,2026-08-13,"[PET] Teste Vertical - Conversão (Compra)",Facebook,Feed,"Web móvel",inactive,"Clique de 7 dias ou visualização de 1 dia",,,3,1,,150,Diário,0.12,Contínuo,3,40,,,,,1,33.333333,0.12,,,,,0,0,,
2026-08-09,2026-08-13,"[PET] Teste Vertical - Conversão (Compra)",Facebook,"Resultados da pesquisa","No app",inactive,"Clique de 7 dias ou visualização de 1 dia",,,1,1,,150,Diário,0,Contínuo,1,0,,,,,0,0,0,,,,,0,0,,
2026-08-09,2026-08-13,"[PET] Teste Vertical - Conversão (Compra)",Instagram,Feed,"No app",inactive,"Clique de 7 dias ou visualização de 1 dia",,,61,1.032787,,150,Diário,22.36,Contínuo,63,354.920635,1,,22.36,1.587302,1,1.587302,22.36,1,22.36,,,0,0,,
2026-08-09,2026-08-13,"[PET] Teste Vertical - Conversão (Compra)",Instagram,"Instagram Reels","No app",inactive,"Clique de 7 dias ou visualização de 1 dia",,,31,1,,150,Diário,8.83,Contínuo,31,284.83871,2,,4.415,6.451613,2,6.451613,4.415,2,4.415,,,0,0,,
2026-08-09,2026-08-13,"[PET] Teste Vertical - Conversão (Compra)",Instagram,"Instagram Stories","No app",inactive,"Clique de 7 dias ou visualização de 1 dia",,,80,1.0125,,150,Diário,8.04,Contínuo,81,99.259259,1,,8.04,1.234568,3,3.703704,2.68,,,,,0,0,,
2026-08-09,2026-08-13,"[PET] Teste Vertical - Conversão (Compra)",Instagram,"Instagram Stories","Web móvel",inactive,"Clique de 7 dias ou visualização de 1 dia",,,1,1,,150,Diário,0,Contínuo,1,0,,,,,0,0,0,,,,,0,0,,
2026-08-09,2026-08-13,"[PET] Teste Vertical - Conversão (Compra)",Threads,"Feed do Threads","No app",inactive,"Clique de 7 dias ou visualização de 1 dia",,,1,1,,150,Diário,0,Contínuo,1,0,1,,0,100,1,100,0,1,0,,,0,0,,
