"Início dos relatórios","Encerramento dos relatórios","Nome do anúncio","Veiculação de anúncio","Configuração de atribuição",Resultados,"Indicador de resultados",Alcance,Frequência,"Custo por resultados","Orçamento do conjunto de anúncios","Tipo de orçamento do conjunto de anúncios","Valor gasto (BRL)",Término,"Classificação de qualidade","Classificação da taxa de engajamento","Classificação da taxa de conversão",Impressões,"CPM (custo por 1.000 impressões) (BRL)","Cliques no link",shop_clicks,"CPC (custo por clique no link) (BRL)","CTR (taxa de cliques no link)","Cliques (todos)","CTR (todos)","CPC (todos) (BRL)","Visualizações da página de destino","Custo por visualização da página de destino (BRL)","ROAS de doações","ROAS de compras","Valor de conversão das compras com assistência das lojas","Valor de conversão das compras diretas no site","Resultados (iniciais)","Indicador de resultados (inicial)"
2026-05-01,2026-08-08,Dani,inactive,"Clique de 7 dias ou visualização de 1 dia",,,0,0,,80,Diário,0,Contínuo,–,–,–,0,0,,,,,0,0,0,,,,,0,0,,
2026-05-01,2026-08-08,"Reinaldo 3",active,"Clique de 7 dias ou visualização de 1 dia",2090,actions:onsite_conversion.messaging_conversation_started_7d,81160,1.858342,2.17913876,80,Diário,4554.4,Contínuo,"Acima da média","Acima da média","Acima da média",150823,30.196986,2667,,1.707687,1.768298,3878,2.571226,1.17442,84,54.219048,,0.839661,0,3824.15,,
2026-05-01,2026-08-08,"Schi 2",inactive,"Clique de 7 dias ou visualização de 1 dia",,,0,0,,80,Diário,0,Contínuo,–,–,–,0,0,,,,,0,0,0,,,,,0,0,,
2026-05-01,2026-08-08,#AD001,not_delivering,"Clique de 1 dia",47,profile_visit_view,1095,1.053881,0.29106383,10,Diário,13.68,Contínuo,–,–,–,1154,11.854419,48,,0.285,4.159445,31,2.686308,0.44129,2,6.84,,,0,0,,
2026-05-01,2026-08-08,#AD001,inactive,"Clique de 1 dia",,,0,0,,10,Diário,0,Contínuo,–,–,–,0,0,,,,,0,0,0,,,,,0,0,,
2026-05-01,2026-08-08,"AD 02 - Reinaldo",inactive,"Clique de 7 dias, visualização de 1 dia ou visualização com engajamento de 1 dia",5,actions:offsite_conversion.fb_pixel_purchase,14547,1.443528,227.448,200,Diário,1137.24,Contínuo,–,–,–,20999,54.156865,367,,3.098747,1.747702,515,2.452498,2.208233,353,3.221643,,5.074698,0,5771.15,,
2026-05-01,2026-08-08,"AD 03 - Schi",inactive,"Clique de 7 dias, visualização de 1 dia ou visualização com engajamento de 1 dia",,,0,0,,200,Diário,0,Contínuo,–,–,–,0,0,,,,,0,0,0,,,,,0,0,,
2026-05-01,2026-08-08,#AD001,not_delivering,"Clique de 1 dia",682,profile_visit_view,13978,1.0998,0.2508651,15,Diário,171.09,Contínuo,–,–,–,15373,11.129253,730,,0.23437,4.748585,698,4.540428,0.245115,244,0.701189,,,0,0,,
2026-05-01,2026-08-08,#AD001,not_delivering,"Clique de 1 dia",88,profile_visit_view,2786,1.076813,0.31534091,15,Diário,27.75,Contínuo,–,–,–,3000,9.25,94,,0.295213,3.133333,89,2.966667,0.311798,20,1.3875,,,0,0,,
2026-05-01,2026-08-08,"AD 05",inactive,"Clique de 7 dias, visualização de 1 dia ou visualização com engajamento de 1 dia",4,actions:offsite_conversion.fb_pixel_purchase,10169,1.448815,285.1475,200,Diário,1140.59,Contínuo,"Na média","Na média","Abaixo da média – 35% mais baixos dos anúncios",14733,77.417362,319,,3.575517,2.165207,452,3.067943,2.523429,314,3.632452,,5.633795,0,6425.85,,
2026-05-01,2026-08-08,"AD 06",inactive,"Clique de 7 dias, visualização de 1 dia ou visualização com engajamento de 1 dia",7,actions:offsite_conversion.fb_pixel_purchase,8010,1.447566,110.55285714,200,Diário,773.87,Contínuo,–,–,–,11595,66.741699,327,,2.366575,2.820181,446,3.846486,1.735135,307,2.520749,,10.088452,0,7807.15,,
2026-05-01,2026-08-08,"#AD002 - Vídeo",not_delivering,"Clique de 7 dias, visualização de 1 dia ou visualização com engajamento de 1 dia",,,3228,1.112454,,60,Diário,194.08,Contínuo,–,–,–,3591,54.046227,51,,3.80549,1.420217,73,2.03286,2.65863,50,3.8816,,,0,0,,
2026-05-01,2026-08-08,"#AD001 - Máquina",inactive,"Clique de 7 dias, visualização de 1 dia ou visualização com engajamento de 1 dia",,,0,0,,60,Diário,0,Contínuo,–,–,–,0,0,,,,,0,0,0,,,,,0,0,,
2026-05-01,2026-08-08,"#AD002 - Carrossel Catálogo",not_delivering,"Clique de 7 dias, visualização de 1 dia ou visualização com engajamento de 1 dia",,,1,1,,60,Diário,0.1,Contínuo,–,–,–,1,100,,,,,0,0,0,,,,,0,0,,
2026-05-01,2026-08-08,"AD 01",not_delivering,"Clique de 7 dias ou visualização de 1 dia",,,0,0,,50,Diário,0,Contínuo,–,–,–,0,0,,,,,0,0,0,,,,,0,0,,
2026-05-01,2026-08-08,"#AD006 -  Vídeo Camila",inactive,"Clique de 7 dias, visualização de 1 dia ou visualização com engajamento de 1 dia",,,0,0,,60,Diário,0,Contínuo,–,–,–,0,0,,,,,0,0,0,,,,,0,0,,
2026-05-01,2026-08-08,"AD 06",inactive,"Clique de 7 dias, visualização de 1 dia ou visualização com engajamento de 1 dia",,,0,0,,60,Diário,0,Contínuo,–,–,–,0,0,,,,,0,0,0,,,,,0,0,,
2026-05-01,2026-08-08,#AD001,not_delivering,"Clique de 1 dia",1166,profile_visit_view,30000,1.1245,0.24947684,15,Diário,290.89,Contínuo,–,–,–,33735,8.622795,1215,,0.239416,3.601601,1177,3.488958,0.247145,65,4.475231,,,0,0,,
2026-05-01,2026-08-08,"#AD007 - Video Maira Cardi",not_delivering,"Clique de 7 dias ou visualização de 1 dia",,,0,0,,50,Diário,0,Contínuo,–,–,–,0,0,,,,,0,0,0,,,,,0,0,,
2026-05-01,2026-08-08,"#AD007 - Publicação original",active,"Clique de 7 dias ou visualização de 1 dia",,,68,1.25,,200,Diário,3.57,Contínuo,–,–,–,85,42,,,,,0,0,0,,,,,0,0,,
2026-05-01,2026-08-08,#AD007,active,"Clique de 7 dias ou visualização de 1 dia",1,actions:offsite_conversion.fb_pixel_purchase,1330,1.159399,197.69,200,Diário,197.69,Contínuo,–,–,–,1542,128.203632,32,,6.177813,2.075227,40,2.594034,4.94225,32,6.177813,,0.28833,0,57,,
2026-05-01,2026-08-08,#AD11,inactive,"Clique de 7 dias, visualização de 1 dia ou visualização com engajamento de 1 dia",,,0,0,,60,Diário,0,Contínuo,–,–,–,0,0,,,,,0,0,0,,,,,0,0,,
2026-05-01,2026-08-08,"AD 01",inactive,"Clique de 7 dias ou visualização de 1 dia",,,0,0,,40,Diário,0,Contínuo,–,–,–,0,0,,,,,0,0,0,,,,,0,0,,
2026-05-01,2026-08-08,"#AD10 - Não vai dizer que ainda usa spray",inactive,"Clique de 7 dias ou visualização de 1 dia",2,actions:offsite_conversion.fb_pixel_purchase,12808,1.465568,333.43,300,Diário,666.86,Contínuo,"Acima da média","Acima da média","Abaixo da média – 35% mais baixos dos anúncios",18771,35.526077,369,,1.807209,1.965798,548,2.919397,1.216898,357,1.867955,,2.460262,0,1640.65,,
2026-05-01,2026-08-08,"#AD008 - Link tester",inactive,"Clique de 7 dias ou visualização de 1 dia",,,0,0,,300,Diário,0,Contínuo,–,–,–,0,0,,,,,0,0,0,,,,,0,0,,
2026-05-01,2026-08-08,#AD007,inactive,"Clique de 7 dias, visualização de 1 dia ou visualização com engajamento de 1 dia",,,0,0,,60,Diário,0,Contínuo,–,–,–,0,0,,,,,0,0,0,,,,,0,0,,
2026-05-01,2026-08-08,#AD009,inactive,"Clique de 7 dias, visualização de 1 dia ou visualização com engajamento de 1 dia",,,0,0,,60,Diário,0,Contínuo,–,–,–,0,0,,,,,0,0,0,,,,,0,0,,
2026-05-01,2026-08-08,"#AD10 - Não vai dizer que ainda usa spray",inactive,"Clique de 7 dias, visualização de 1 dia ou visualização com engajamento de 1 dia",1,actions:offsite_conversion.fb_pixel_purchase,6665,1.196249,454.45,60,Diário,454.45,Contínuo,–,–,–,7973,56.99862,112,,4.057589,1.404741,186,2.332873,2.44328,111,4.094144,,0.125426,0,57,,
2026-05-01,2026-08-08,"#AD007 - Video Maira Cardi",inactive,"Clique de 7 dias ou visualização de 1 dia",,,0,0,,40,Diário,0,Contínuo,–,–,–,0,0,,,,,0,0,0,,,,,0,0,,
2026-05-01,2026-08-08,"#AD001 - Remarketing",archived,"Clique de 7 dias ou visualização de 1 dia",,,0,0,,300,Diário,0,Contínuo,–,–,–,0,0,,,,,0,0,0,,,,,0,0,,
2026-05-01,2026-08-08,"#AD006 -  Vídeo Camila",inactive,"Clique de 7 dias ou visualização de 1 dia",,,113,1.19469,,300,Diário,14.07,Contínuo,–,–,–,135,104.222222,1,,14.07,0.740741,2,1.481481,7.035,1,14.07,,,0,0,,
2026-05-01,2026-08-08,Aerossol,active,"Clique de 7 dias ou visualização de 1 dia",16,actions:onsite_conversion.messaging_conversation_started_7d,763,1.141547,2.756875,80,Diário,44.11,Contínuo,–,–,–,871,50.642939,22,,2.005,2.525832,35,4.01837,1.260286,1,44.11,,,0,0,,
2026-05-01,2026-08-08,"AD 02 - Reinaldo",not_delivering,"Clique de 7 dias, visualização de 1 dia ou visualização com engajamento de 1 dia",,,0,0,,20,Diário,0,Contínuo,–,–,–,0,0,,,,,0,0,0,,,,,0,0,,
2026-05-01,2026-08-08,#AD002,inactive,"Clique de 1 dia",,,0,0,,10,Diário,0,Contínuo,–,–,–,0,0,,,,,0,0,0,,,,,0,0,,
2026-05-01,2026-08-08,#AD002,inactive,"Clique de 1 dia",,,0,0,,15,Diário,0,Contínuo,–,–,–,0,0,,,,,0,0,0,,,,,0,0,,
2026-05-01,2026-08-08,"#AD007 - Publicação original",inactive,"Clique de 7 dias ou visualização de 1 dia",,,80,1.2625,,300,Diário,8.18,Contínuo,–,–,–,101,80.990099,2,,4.09,1.980198,3,2.970297,2.726667,2,4.09,,,0,0,,
2026-05-01,2026-08-08,#AD002,not_delivering,"Clique de 1 dia",375,profile_visit_view,7291,1.251543,0.38565333,15,Diário,144.62,Contínuo,–,–,–,9125,15.848767,389,,0.371774,4.263014,383,4.19726,0.377598,119,1.215294,,,0,0,,
2026-05-01,2026-08-08,"#AD002 - inserido 14/04",not_delivering,"Clique de 1 dia",284,profile_visit_view,4944,2.313511,0.45827465,10,Diário,130.15,Contínuo,–,–,–,11438,11.378738,288,,0.45191,2.517923,270,2.360553,0.482037,23,5.658696,,,0,0,,
2026-05-01,2026-08-08,#AD003,not_delivering,"Clique de 1 dia",563,profile_visit_view,10828,1.275305,0.52952043,10,Diário,298.12,Contínuo,–,–,–,13809,21.588819,570,,0.523018,4.127743,508,3.67876,0.58685,58,5.14,,,0,0,,
2026-05-01,2026-08-08,"AD 02 - Reinaldo",inactive,"Clique de 7 dias ou visualização de 1 dia",,,1675,1.111045,,30,Diário,149.4,Contínuo,–,–,–,1861,80.27942,36,,4.15,1.934444,54,2.901666,2.766667,36,4.15,,,0,0,,
2026-05-01,2026-08-08,"#AD007 - VALIDADO",inactive,"Clique de 7 dias, visualização de 1 dia ou visualização com engajamento de 1 dia",,,142,1.112676,,200,Diário,18.78,Contínuo,–,–,–,158,118.860759,5,,3.756,3.164557,7,4.43038,2.682857,5,3.756,,,0,0,,
2026-05-01,2026-08-08,"#AD007 - VALIDADO",inactive,"Clique de 7 dias ou visualização de 1 dia",,,64,1.09375,,30,Diário,9.43,Contínuo,–,–,–,70,134.714286,2,,4.715,2.857143,3,4.285714,3.143333,2,4.715,,,0,0,,
2026-05-01,2026-08-08,#AD11,not_delivering,"Clique de 7 dias ou visualização de 1 dia",14,actions:offsite_conversion.fb_pixel_purchase,12247,1.835715,149.71642857,61,Diário,2096.03,Contínuo,–,–,–,22482,93.231474,557,,3.76307,2.477538,778,3.460546,2.694126,548,3.824872,,7.329924,0,15363.74,,
2026-05-01,2026-08-08,#AD12,not_delivering,"Clique de 7 dias ou visualização de 1 dia",,,0,0,,20,Diário,0,Contínuo,–,–,–,0,0,,,,,0,0,0,,,,,0,0,,
2026-05-01,2026-08-08,#AD13,not_delivering,"Clique de 7 dias ou visualização de 1 dia",,,0,0,,20,Diário,0,Contínuo,–,–,–,0,0,,,,,0,0,0,,,,,0,0,,
2026-05-01,2026-08-08,"Máquinas nova",active,"Clique de 7 dias ou visualização de 1 dia",5,actions:onsite_conversion.messaging_conversation_started_7d,494,1.089069,5.188,80,Diário,25.94,Contínuo,–,–,–,538,48.215613,8,,3.2425,1.486989,14,2.60223,1.852857,,,,,0,0,,
2026-05-01,2026-08-08,"AD 05",inactive,"Clique de 7 dias ou visualização de 1 dia",,,1462,1.209302,,30,Diário,165.37,Contínuo,–,–,–,1768,93.535068,40,,4.13425,2.262443,54,3.054299,3.062407,39,4.240256,,,0,0,,
2026-05-01,2026-08-08,#AD002,not_delivering,"Clique de 1 dia",314,profile_visit_view,8623,1.113186,0.39484076,15,Diário,123.98,Contínuo,–,–,–,9599,12.915929,316,,0.392342,3.29201,311,3.239921,0.39865,40,3.0995,,,0,0,,
2026-05-01,2026-08-08,"AD 01",inactive,"Clique de 7 dias ou visualização de 1 dia",,,29,1.068966,,15,Diário,0.44,Contínuo,–,–,–,31,14.193548,,,,,0,0,0,,,,,0,0,,
2026-05-01,2026-08-08,"AD 02",not_delivering,"Clique de 7 dias ou visualização de 1 dia",41,actions:onsite_conversion.messaging_conversation_started_7d,5081,1.214328,3.15853659,15,Diário,129.5,Contínuo,–,–,–,6170,20.988655,88,,1.471591,1.426256,131,2.123177,0.98855,1,129.5,,,0,0,,
2026-05-01,2026-08-08,"Reinaldo 3",not_delivering,"Clique de 7 dias ou visualização de 1 dia",4,actions:onsite_conversion.messaging_conversation_started_7d,213,1.004695,1.0575,25,Diário,4.23,Contínuo,–,–,–,214,19.766355,6,,0.705,2.803738,9,4.205607,0.47,,,,,0,0,,
2026-05-01,2026-08-08,"AD 05",active,"Clique de 7 dias ou visualização de 1 dia",5,actions:offsite_conversion.fb_pixel_purchase,7400,1.399324,177.86,200,Diário,889.3,Contínuo,–,–,–,10355,85.881217,249,,3.571486,2.404635,353,3.408981,2.519263,244,3.644672,,7.243933,0,6442.03,,
2026-05-01,2026-08-08,"AD 01",inactive,"Clique de 7 dias ou visualização de 1 dia",,,686,1.377551,,300,Diário,121.19,Contínuo,–,–,–,945,128.243386,14,,8.656429,1.481481,31,3.280423,3.909355,12,10.099167,,,0,0,,
2026-05-01,2026-08-08,"AD 02 - Reinaldo — Cópia",active,"Clique de 7 dias, visualização de 1 dia ou visualização com engajamento de 1 dia",,,1980,1.134848,,896.92,Diário,168.85,Contínuo,–,–,–,2247,75.144637,47,,3.592553,2.091678,66,2.93725,2.558333,44,3.8375,,,0,0,,
2026-05-01,2026-08-08,"AD 05 — Cópia",active,"Clique de 7 dias, visualização de 1 dia ou visualização com engajamento de 1 dia",65,actions:offsite_conversion.fb_pixel_purchase,92123,1.934392,134.83030769,896.92,Diário,8763.97,Contínuo,"Na média","Acima da média","Abaixo da média – 35% mais baixos dos anúncios",178202,49.179976,3738,,2.344561,2.09762,5015,2.814222,1.747551,3563,2.459717,,7.197331,0,63077.19,,
2026-05-01,2026-08-08,"AD01 - Estático - Cupom MAQUINA10",not_delivering,"Clique de 7 dias, visualização de 1 dia ou visualização com engajamento de 1 dia",,,32,1.1875,,20,Diário,3.96,Contínuo,–,–,–,38,104.210526,,,,,0,0,0,,,,,0,0,,
2026-05-01,2026-08-08,"Adeus Home Spray",not_delivering,"Clique de 7 dias ou visualização de 1 dia",62,actions:onsite_conversion.messaging_conversation_started_7d,2350,1.038298,0.75903226,25,Diário,47.06,Contínuo,–,–,–,2440,19.286885,73,,0.644658,2.991803,103,4.221311,0.456893,1,47.06,,1.150659,0,54.15,,
2026-05-01,2026-08-08,"AD 05",active,"Clique de 7 dias ou visualização de 1 dia",40,actions:offsite_conversion.fb_pixel_purchase,81728,1.722922,133.704,507.69,Diário,5348.16,Contínuo,"Na média",–,–,140811,37.981124,3913,,1.366767,2.778902,6575,4.66938,0.813408,3705,1.443498,,9.983045,0,53390.92,,
2026-05-01,2026-08-08,"AD 02 - Reinaldo",active,"Clique de 7 dias ou visualização de 1 dia",19,actions:offsite_conversion.fb_pixel_purchase,20285,1.723885,216.18368421,507.69,Diário,4107.49,Contínuo,"Na média",–,–,34969,117.460894,580,,7.081879,1.658612,796,2.276302,5.160163,550,7.468164,,7.183066,0,29504.37,,
2026-05-01,2026-08-08,"AD 01",not_delivering,"Clique de 7 dias ou visualização de 1 dia",1,actions:omni_landing_page_view,695,1.123741,5.22,20,Diário,5.22,Contínuo,–,–,–,781,6.683739,4,,1.305,0.512164,7,0.896287,0.745714,1,5.22,,,0,0,,
2026-05-01,2026-08-08,"AD 02",not_delivering,"Clique de 7 dias ou visualização de 1 dia",32,actions:omni_landing_page_view,2559,1.241891,0.7003125,20,Diário,22.41,Contínuo,–,–,–,3178,7.051605,49,,0.457347,1.54185,89,2.800503,0.251798,32,0.700313,,,0,0,,
2026-05-01,2026-08-08,"AD 03",not_delivering,"Clique de 7 dias ou visualização de 1 dia",24,actions:omni_landing_page_view,2216,1.236011,0.69916667,20,Diário,16.78,Contínuo,–,–,–,2739,6.126323,42,,0.399524,1.533406,67,2.446148,0.250448,24,0.699167,,,0,0,,
2026-05-01,2026-08-08,"#AD10 - Não vai dizer que ainda usa spray- validado",inactive,"Clique de 7 dias, visualização de 1 dia ou visualização com engajamento de 1 dia",2,actions:offsite_conversion.fb_pixel_purchase,5917,1.313503,207.82,200,Diário,415.64,Contínuo,–,–,–,7772,53.479156,142,,2.927042,1.827072,217,2.792074,1.915392,131,3.172824,,6.211625,0,2581.8,,
2026-05-01,2026-08-08,"#AD10 - Não vai dizer que ainda usa spray- validado",inactive,"Clique de 7 dias ou visualização de 1 dia",,,2715,1.371271,,30,Diário,119.64,Contínuo,–,–,–,3723,32.135375,85,,1.407529,2.283105,126,3.384367,0.949524,79,1.51443,,,0,0,,
2026-05-01,2026-08-08,"AD01 - Estático - Cupom MAQUINA10",active,"Clique de 7 dias ou visualização de 1 dia",30,actions:offsite_conversion.fb_pixel_purchase,22657,4.358874,162.09033333,300,Diário,4862.71,Contínuo,"Na média","Na média","Abaixo da média – 35% mais baixos dos anúncios",98759,49.238145,1647,,2.952465,1.667696,2029,2.054496,2.396604,1590,3.058308,,6.309595,0,30681.73,,
2026-05-01,2026-08-08,"#AD001 - Publicação existente - Reinaldo na área gourmet",inactive,"Clique de 1 dia",16,profile_visit_view,408,1.022059,0.3575,20,Diário,5.72,Contínuo,–,–,–,417,13.717026,15,,0.381333,3.597122,15,3.597122,0.381333,3,1.906667,,,0,0,,
2026-05-01,2026-08-08,"#AD002 - Reinaldo na área gourmet - calça",inactive,"Clique de 1 dia",618,profile_visit_view,8352,1.105484,0.21297735,20,Diário,131.62,Contínuo,–,–,–,9233,14.255388,645,,0.204062,6.985812,613,6.639229,0.214715,57,2.309123,,,0,0,,
2026-05-01,2026-08-08,#AD003,inactive,"Clique de 1 dia",423,profile_visit_view,7507,1.324364,0.37193853,10,Diário,157.33,Contínuo,"Na média",–,–,9942,15.824784,426,,0.369319,4.284852,407,4.093744,0.38656,118,1.333305,,,0,0,,
2026-05-01,2026-08-08,#AD004,inactive,"Clique de 1 dia",330,profile_visit_view,5473,2.80486,0.61660606,10,Diário,203.48,Contínuo,"Acima da média",–,–,15351,13.255163,330,,0.616606,2.149697,318,2.071526,0.639874,65,3.130462,,,0,0,,
2026-05-01,2026-08-08,"#AD005 - Camila",inactive,"Clique de 1 dia",562,profile_visit_view,8159,1.766148,0.4205516,10,Diário,236.35,Contínuo,"Na média",–,–,14410,16.401804,584,,0.404709,4.052741,550,3.816794,0.429727,82,2.882317,,,0,0,,
2026-05-01,2026-08-08,"#AD005 - Vídeo Reinaldo explicando as maquinas",inactive,"Clique de 1 dia",925,profile_visit_view,14425,1.413934,0.39698378,10,Diário,367.21,Contínuo,"Na média",–,–,20396,18.00402,948,,0.387352,4.64797,901,4.417533,0.407558,245,1.498816,,,0,0,,
2026-05-01,2026-08-08,"#AD002 - publicação existente",inactive,"Clique de 7 dias ou visualização de 1 dia",1402,video_thruplay_watched_actions,6414,1.655597,0.04750357,6,Diário,66.6,Contínuo,–,–,–,10619,6.271777,73,,0.912329,0.687447,181,1.704492,0.367956,61,1.091803,,,0,0,,
2026-05-01,2026-08-08,"#AD001 - Vídeo Reinaldo",inactive,"Clique de 7 dias ou visualização de 1 dia",1890,video_thruplay_watched_actions,7106,2.357867,0.06393651,6,Diário,120.84,Contínuo,–,–,–,16755,7.212175,99,,1.220606,0.590868,203,1.211579,0.595271,77,1.569351,,,0,0,,
2026-05-01,2026-08-08,#AD14,not_delivering,"Clique de 7 dias ou visualização de 1 dia",,,1661,1.745936,,20,Diário,214.9,Contínuo,–,–,–,2900,74.103448,50,,4.298,1.724138,81,2.793103,2.653086,46,4.671739,,,0,0,,
2026-05-01,2026-08-08,#AD15,not_delivering,"Clique de 7 dias ou visualização de 1 dia",6,actions:offsite_conversion.fb_pixel_purchase,10181,1.506728,195.94,30,Diário,1175.64,Contínuo,–,–,–,15340,76.638853,319,,3.685392,2.079531,458,2.985658,2.5669,301,3.905781,,6.699925,0,7876.7,,
2026-05-01,2026-08-08,"AD 06",active,"Clique de 7 dias ou visualização de 1 dia",19,actions:offsite_conversion.fb_pixel_purchase,17547,1.761612,137.03421053,200,Diário,2603.65,Contínuo,"Na média","Acima da média","Abaixo da média – 35% mais baixos dos anúncios",30911,84.230533,896,,2.905859,2.898645,1168,3.77859,2.229152,841,3.095898,,7.547766,0,19651.74,,
2026-05-01,2026-08-08,"#AD007 - Máquina de 40m²",inactive,"Clique de 7 dias ou visualização de 1 dia",,,145,1.531034,,300,Diário,16.5,Contínuo,–,–,–,222,74.324324,3,,5.5,1.351351,3,1.351351,5.5,2,8.25,,,0,0,,
2026-05-01,2026-08-08,#AD006,inactive,"Clique de 1 dia",1404,profile_visit_view,20075,1.838804,0.4284188,10,Diário,601.5,Contínuo,–,–,–,36914,16.294631,1439,,0.417999,3.89825,1372,3.716747,0.438411,338,1.779586,,0.090025,0,54.15,,
2026-05-01,2026-08-08,"#AD003 - Vídeo 4529",inactive,"Clique de 7 dias ou visualização de 1 dia",3380,video_thruplay_watched_actions,9779,3.005624,0.06586686,6,Diário,222.63,Contínuo,–,–,–,29392,7.57451,114,,1.952895,0.387861,259,0.881192,0.859575,82,2.715,,,0,0,,
2026-05-01,2026-08-08,"#AD16 -  4602  - antigo 4479",inactive,"Clique de 7 dias ou visualização de 1 dia",5,actions:offsite_conversion.fb_pixel_purchase,3840,1.329167,128.592,50,Diário,642.96,Contínuo,–,–,–,5104,125.971787,111,,5.792432,2.174765,148,2.899687,4.344324,90,7.144,,5.394426,0,3468.4,,
2026-05-01,2026-08-08,#AD15,inactive,"Clique de 7 dias, visualização de 1 dia ou visualização com engajamento de 1 dia",,,470,1.123404,,200,Diário,48.58,Contínuo,"Acima da média","Abaixo da média – 35% mais baixos dos anúncios","Na média",528,92.007576,12,,4.048333,2.272727,19,3.598485,2.556842,15,3.238667,,,0,0,,
2026-05-01,2026-08-08,#AD15,inactive,"Clique de 7 dias ou visualização de 1 dia",1,actions:offsite_conversion.fb_pixel_purchase,1038,1.174374,107.64,30,Diário,107.64,Contínuo,–,–,–,1219,88.301887,21,,5.125714,1.722724,33,2.707137,3.261818,19,5.665263,,3.3979,0,365.75,,
2026-05-01,2026-08-08,#AD11,inactive,"Clique de 7 dias, visualização de 1 dia ou visualização com engajamento de 1 dia",,,441,1.056689,,200,Diário,39.93,Contínuo,–,–,–,466,85.686695,7,,5.704286,1.502146,12,2.575107,3.3275,7,5.704286,,,0,0,,
2026-05-01,2026-08-08,"#AD002 - Reinaldo na área gourmet - calça  - novo",inactive,"Clique de 1 dia",952,profile_visit_view,11549,1.13144,0.24110294,20,Diário,229.53,Contínuo,–,–,–,13067,17.565623,982,,0.233737,7.515114,931,7.124818,0.246541,198,1.159242,,,0,0,,
2026-05-01,2026-08-08,"#AD004 - Maira",inactive,"Clique de 7 dias ou visualização de 1 dia",2673,video_thruplay_watched_actions,8017,3.53162,0.12907594,6,Diário,345.02,Contínuo,"Abaixo da média – 35% mais baixos dos anúncios","Abaixo da média – 10% mais baixos dos anúncios","Na média",28313,12.185922,110,,3.136545,0.388514,264,0.932434,1.306894,89,3.876629,,,0,0,,
2026-05-01,2026-08-08,"#AD005 - Paulo",inactive,"Clique de 7 dias ou visualização de 1 dia",144,video_thruplay_watched_actions,1086,1.276243,0.11722222,6,Diário,16.88,Contínuo,–,–,–,1386,12.178932,8,,2.11,0.577201,18,1.298701,0.937778,7,2.411429,,,0,0,,
2026-05-01,2026-08-08,#AD15,not_delivering,"Clique de 7 dias ou visualização de 1 dia",,,58,1.017241,,20,Diário,5.67,Contínuo,–,–,–,59,96.101695,,,,,0,0,0,,,,,0,0,,
2026-05-01,2026-08-08,"#AD10 - Não vai dizer que ainda usa spray- validado",not_delivering,"Clique de 7 dias ou visualização de 1 dia",,,225,1.08,,20,Diário,31.04,Contínuo,–,–,–,243,127.736626,2,,15.52,0.823045,3,1.234568,10.346667,1,31.04,,,0,0,,
2026-05-01,2026-08-08,"#AD007 - VALIDADO",not_delivering,"Clique de 7 dias ou visualização de 1 dia",,,104,1.067308,,20,Diário,20.41,Contínuo,–,–,–,111,183.873874,7,,2.915714,6.306306,7,6.306306,2.915714,5,4.082,,,0,0,,
2026-05-01,2026-08-08,"AD 06",not_delivering,"Clique de 7 dias ou visualização de 1 dia",,,1595,1.192476,,20,Diário,232.75,Contínuo,–,–,–,1902,122.371188,47,,4.952128,2.471083,55,2.891693,4.231818,40,5.81875,,,0,0,,
2026-05-01,2026-08-08,"AD 05",inactive,"Clique de 1 dia ou visualização com engajamento de 1 dia",,,79,1.088608,,30,Diário,10.9,Contínuo,–,–,–,86,126.744186,,,,,0,0,0,,,,,0,0,,
2026-05-01,2026-08-08,"AD 02 - Reinaldo",not_delivering,"Clique de 1 dia ou visualização com engajamento de 1 dia",2,actions:offsite_conversion.fb_pixel_purchase,3795,1.401054,329.205,30,Diário,658.41,Contínuo,–,–,–,5317,123.831108,94,,7.004362,1.767914,123,2.313335,5.352927,80,8.230125,,9.114382,0,6001,,
2026-05-01,2026-08-08,#AD15,inactive,"Clique de 1 dia ou visualização com engajamento de 1 dia",,,51,1.039216,,30,Diário,7.05,Contínuo,–,–,–,53,133.018868,3,,2.35,5.660377,3,5.660377,2.35,1,7.05,,,0,0,,
2026-05-01,2026-08-08,"#AD16 -  4602  - antigo 4479",inactive,"Clique de 1 dia ou visualização com engajamento de 1 dia",,,33,1.060606,,30,Diário,10.44,Contínuo,–,–,–,35,298.285714,,,,,0,0,0,,,,,0,0,,
2026-05-01,2026-08-08,"#AD11 - Cópia",inactive,"Clique de 1 dia ou visualização com engajamento de 1 dia",,,33,1.030303,,30,Diário,5.2,Contínuo,–,–,–,34,152.941176,,,,,1,2.941176,5.2,,,,,0,0,,
2026-05-01,2026-08-08,"AD 06",active,"Clique de 7 dias, visualização de 1 dia ou visualização com engajamento de 1 dia",13,actions:offsite_conversion.fb_pixel_purchase,12767,1.91384,122.75230769,896.92,Diário,1595.78,Contínuo,"Na média","Acima da média","Na média",24434,65.309814,684,,2.333012,2.799378,911,3.728411,1.751679,653,2.443767,,7.062628,0,11270.4,,
2026-05-01,2026-08-08,"#AD16 -  4602  - antigo 4479",inactive,"Clique de 7 dias, visualização de 1 dia ou visualização com engajamento de 1 dia",,,1657,1.190103,,200,Diário,306.64,Contínuo,–,–,–,1972,155.496957,58,,5.286897,2.941176,73,3.701826,4.200548,59,5.197288,,,0,0,,
2026-05-01,2026-08-08,"#AD001 - gosto de fragrância cítrica",inactive,"Clique de 7 dias ou visualização de 1 dia",,,68,1.058824,,50,Diário,6.29,Contínuo,–,–,–,72,87.361111,1,,6.29,1.388889,2,2.777778,3.145,1,6.29,,,0,0,,
2026-05-01,2026-08-08,"#AD002 - Chá branco",not_delivering,"Clique de 7 dias ou visualização de 1 dia",,,57,1.105263,,50,Diário,6.03,Contínuo,–,–,–,63,95.714286,,,,,2,3.174603,3.015,,,,,0,0,,
2026-05-01,2026-08-08,"#AD003 - Casa com cheiro de hotel",not_delivering,"Clique de 7 dias ou visualização de 1 dia",,,384,1.260417,,50,Diário,42.02,Contínuo,–,–,–,484,86.818182,10,,4.202,2.066116,12,2.479339,3.501667,6,7.003333,,,0,0,,
2026-05-01,2026-08-08,"AD 01",active,"Clique de 7 dias, visualização de 1 dia ou visualização com engajamento de 1 dia",3,actions:offsite_conversion.fb_pixel_purchase,4469,1.811591,194.58,200,Diário,583.74,Contínuo,–,–,–,8096,72.102273,136,,4.292206,1.679842,194,2.396245,3.008969,114,5.120526,,9.476479,0,5531.8,,
2026-05-01,2026-08-08,"#AD004 - Casa com cheiro de shopping",not_delivering,"Clique de 7 dias ou visualização de 1 dia",4,actions:offsite_conversion.fb_pixel_purchase,3014,2.969476,183.15,50,Diário,732.6,Contínuo,"Na média",–,–,8950,81.854749,147,,4.983673,1.642458,199,2.223464,3.681407,124,5.908065,,9.281668,0,6799.75,,
2026-05-01,2026-08-08,"#AD005 Fragrâncias amadeiradas",not_delivering,"Clique de 7 dias ou visualização de 1 dia",,,142,1.197183,,50,Diário,16.27,Contínuo,–,–,–,170,95.705882,1,,16.27,0.588235,1,0.588235,16.27,,,,,0,0,,
2026-05-01,2026-08-08,"#AD006- Fragrância que MC escolheu",inactive,"Clique de 7 dias ou visualização de 1 dia",,,118,1.144068,,50,Diário,10.35,Contínuo,–,–,–,135,76.666667,1,,10.35,0.740741,1,0.740741,10.35,1,10.35,,,0,0,,
2026-05-01,2026-08-08,"#AD007 - difusor e vareta publicação existente",inactive,"Clique de 7 dias ou visualização de 1 dia",,,194,1.262887,,50,Diário,14.25,Contínuo,–,–,–,245,58.163265,2,,7.125,0.816327,2,0.816327,7.125,1,14.25,,,0,0,,
2026-05-01,2026-08-08,"#AD002 - Reinaldo na área gourmet - calça  - novo",active,"Clique de 1 dia",3537,profile_visit_view,43088,1.237839,0.28460843,10,Diário,1006.66,Contínuo,"Na média",–,–,53336,18.873931,3616,,0.27839,6.779661,3463,6.4928,0.29069,620,1.623645,,,0,0,,
2026-05-01,2026-08-08,"#AD001 - Publicação existente - Reinaldo na área gourmet",active,"Clique de 1 dia",11,profile_visit_view,206,1.048544,0.34727273,10,Diário,3.82,Contínuo,–,–,–,216,17.685185,10,,0.382,4.62963,9,4.166667,0.424444,,,,,0,0,,
2026-05-01,2026-08-08,"#AD006 - video 4892 com publicação existente [inserido 01/6]",inactive,"Clique de 1 dia",98,profile_visit_view,2204,2.443739,0.88153061,10,Diário,86.39,Contínuo,–,–,–,5386,16.039733,96,,0.899896,1.782399,94,1.745266,0.919043,7,12.341429,,,0,0,,
2026-05-01,2026-08-08,"#AD17 -  4937",not_delivering,"Clique de 7 dias ou visualização de 1 dia",,,199,1.221106,,20,Diário,18.07,Contínuo,–,–,–,243,74.36214,3,,6.023333,1.234568,4,1.646091,4.5175,2,9.035,,,0,0,,
2026-05-01,2026-08-08,"#AD18 -  4892",not_delivering,"Clique de 7 dias ou visualização de 1 dia",1,actions:offsite_conversion.fb_pixel_purchase,1386,1.266234,178.57,20,Diário,178.57,Contínuo,–,–,–,1755,101.749288,30,,5.952333,1.709402,62,3.532764,2.880161,29,6.157586,,0.303242,0,54.15,,
2026-05-01,2026-08-08,"#AD17 -  4937",inactive,"Clique de 7 dias ou visualização de 1 dia",1,actions:offsite_conversion.fb_pixel_purchase,10680,1.637266,427.56,300,Diário,427.56,Contínuo,–,–,–,17486,24.451561,384,,1.113438,2.196043,496,2.836555,0.862016,368,1.161848,,2.413696,0,1032,,
2026-05-01,2026-08-08,"AD 01",not_delivering,"Clique de 7 dias ou visualização de 1 dia",,,80,1.1375,,20,Diário,7.37,Contínuo,–,–,–,91,80.989011,1,,7.37,1.098901,1,1.098901,7.37,1,7.37,,,0,0,,
2026-05-01,2026-08-08,"AD 04",not_delivering,"Clique de 7 dias ou visualização de 1 dia",,,55,1.054545,,20,Diário,5.35,Contínuo,–,–,–,58,92.241379,3,,1.783333,5.172414,3,5.172414,1.783333,2,2.675,,,0,0,,
2026-05-01,2026-08-08,"AD 17",active,"Clique de 7 dias, visualização de 1 dia ou visualização com engajamento de 1 dia",,,413,1.394673,,896.92,Diário,51.05,Contínuo,–,–,–,576,88.628472,10,,5.105,1.736111,15,2.604167,3.403333,10,5.105,,,0,0,,
2026-05-01,2026-08-08,"AD 18",active,"Clique de 7 dias, visualização de 1 dia ou visualização com engajamento de 1 dia",1,actions:offsite_conversion.fb_pixel_purchase,697,1.496413,95.59,896.92,Diário,95.59,Contínuo,"Na média","Na média","Na média",1043,91.649089,19,,5.031053,1.821668,28,2.684564,3.413929,18,5.310556,,6.76849,0,647,,
2026-05-01,2026-08-08,#AD17,inactive,"Clique de 7 dias ou visualização de 1 dia",256,actions:onsite_conversion.messaging_conversation_started_7d,13336,1.355129,1.88378906,80,Diário,482.25,Contínuo,"Acima da média","Acima da média","Acima da média",18072,26.684927,334,,1.443862,1.848163,477,2.639442,1.011006,16,30.140625,,,0,0,,
2026-05-01,2026-08-08,#AD11,active,"Clique de 7 dias ou visualização de 1 dia",7,actions:onsite_conversion.messaging_conversation_started_7d,326,1.177914,2.44428571,80,Diário,17.11,Contínuo,–,–,–,384,44.557292,9,,1.901111,2.34375,10,2.604167,1.711,,,,,0,0,,
2026-05-01,2026-08-08,"AD 18",inactive,"Clique de 7 dias ou visualização de 1 dia",2,actions:offsite_conversion.fb_pixel_purchase,1501,2.102598,132.21,300,Diário,264.42,Contínuo,"Na média","Na média","Abaixo da média – 35% mais baixos dos anúncios",3156,83.78327,75,,3.5256,2.376426,91,2.883397,2.905714,70,3.777429,,4.118448,0,1089,,
2026-05-01,2026-08-08,"#AD19 - 5318",not_delivering,"Clique de 7 dias ou visualização de 1 dia",,,50,1.18,,50,Diário,7.48,Contínuo,–,–,–,59,126.779661,3,,2.493333,5.084746,3,5.084746,2.493333,3,2.493333,,,0,0,,
2026-05-01,2026-08-08,"#AD20 - 5326",not_delivering,"Clique de 7 dias ou visualização de 1 dia",2,actions:offsite_conversion.fb_pixel_purchase,6538,1.467115,369.685,50,Diário,739.37,Contínuo,"Na média","Acima da média","Na média",9592,77.081943,249,,2.969357,2.595913,344,3.586322,2.149331,233,3.173262,,2.990113,0,2210.8,,
2026-05-01,2026-08-08,"#AD21 - 5306",not_delivering,"Clique de 7 dias ou visualização de 1 dia",,,32,1.28125,,50,Diário,4.46,Contínuo,–,–,–,41,108.780488,5,,0.892,12.195122,5,12.195122,0.892,6,0.743333,,,0,0,,
2026-05-01,2026-08-08,"#AD22 - 5287",not_delivering,"Clique de 7 dias ou visualização de 1 dia",,,16,1.0625,,50,Diário,0.89,Contínuo,–,–,–,17,52.352941,,,,,0,0,0,,,,,0,0,,
2026-05-01,2026-08-08,"#AD20 - 5326",inactive,"Clique de 7 dias ou visualização de 1 dia",,,61,1.213115,,300,Diário,7.01,Contínuo,–,–,–,74,94.72973,1,,7.01,1.351351,1,1.351351,7.01,1,7.01,,,0,0,,
2026-05-01,2026-08-08,"#AD20 - 5326",active,"Clique de 7 dias, visualização de 1 dia ou visualização com engajamento de 1 dia",16,actions:offsite_conversion.fb_pixel_purchase,23256,2.492819,242.859375,200,Diário,3885.75,Contínuo,"Acima da média","Acima da média","Abaixo da média – 35% mais baixos dos anúncios",57973,67.026892,1399,,2.77752,2.413192,1872,3.229089,2.075721,1342,2.895492,,4.825725,0,18751.56,,
2026-05-01,2026-08-08,"#AD23 - 5305 (sem CTA)",active,"Clique de 1 dia",1210,profile_visit_view,14007,1.258228,0.4738595,10,Diário,573.37,Contínuo,"Acima da média",–,–,17624,32.533477,1215,,0.471909,6.894008,1165,6.610304,0.492163,338,1.696361,,0.099412,0,57,,
2026-05-01,2026-08-08,"#AD24 - 5311  (sem CTA)",active,"Clique de 7 dias ou visualização de 1 dia",1,actions:offsite_conversion.fb_pixel_purchase,1018,1.723969,149.08,300,Diário,149.08,Contínuo,–,–,–,1755,84.945869,32,,4.65875,1.823362,46,2.621083,3.24087,32,4.65875,,8.59941,0,1282,,
2026-05-01,2026-08-08,"AD 05",not_delivering,"Clique de 7 dias ou visualização de 1 dia",,,254,1.295276,,"Usando orçamento da campanha",0,38.41,Contínuo,–,–,–,329,116.74772,6,,6.401667,1.823708,6,1.823708,6.401667,5,7.682,,,0,0,,
2026-05-01,2026-08-08,"AD 02",not_delivering,"Clique de 7 dias ou visualização de 1 dia",,,1316,1.219605,,"Usando orçamento da campanha",0,152.86,Contínuo,"Na média",–,–,1605,95.239875,31,,4.930968,1.931464,45,2.803738,3.396889,36,4.246111,,,0,0,,
2026-05-01,2026-08-08,"AD 06",not_delivering,"Clique de 7 dias ou visualização de 1 dia",1,actions:offsite_conversion.fb_pixel_purchase,1562,1.377721,244.42,"Usando orçamento da campanha",0,244.42,Contínuo,"Na média",–,–,2152,113.578067,55,,4.444,2.555762,66,3.066915,3.703333,47,5.200426,,7.372555,0,1802,,
2026-05-01,2026-08-08,"AD 11",not_delivering,"Clique de 7 dias ou visualização de 1 dia",,,378,1.156085,,"Usando orçamento da campanha",0,38.02,Contínuo,–,–,–,437,87.002288,5,,7.604,1.144165,6,1.372998,6.336667,5,7.604,,,0,0,,
2026-05-01,2026-08-08,"AD 10",not_delivering,"Clique de 7 dias ou visualização de 1 dia",1,actions:offsite_conversion.fb_pixel_purchase,1209,1.267163,152.02,"Usando orçamento da campanha",0,152.02,Contínuo,"Na média",–,–,1532,99.229765,43,,3.535349,2.806789,54,3.524804,2.815185,37,4.108649,,0.534272,0,81.22,,
2026-05-01,2026-08-08,#AD004,inactive,"Clique de 7 dias ou visualização de 1 dia",2252,video_thruplay_watched_actions,9906,2.071876,0.06000444,6,Diário,135.13,Contínuo,"Na média","Abaixo da média – 20% mais baixos dos anúncios","Na média",20524,6.583999,62,,2.179516,0.302085,260,1.26681,0.519731,53,2.549623,,,0,0,,
2026-05-01,2026-08-08,#AD002,inactive,"Clique de 1 dia",609,profile_visit_view,7985,1.392361,0.33978654,10,Diário,206.93,Contínuo,"Na média",–,–,11118,18.61216,608,,0.340345,5.468609,586,5.270732,0.353123,214,0.966963,,,0,0,,
2026-05-01,2026-08-08,"#AD21 - 5306",not_delivering,"Clique de 7 dias ou visualização de 1 dia",,,23,1.086957,,"Usando orçamento da campanha",0,2.08,Contínuo,–,–,–,25,83.2,,,,,0,0,0,,,,,0,0,,
2026-05-01,2026-08-08,"#AD19 - 5318",not_delivering,"Clique de 7 dias ou visualização de 1 dia",,,19,1.052632,,"Usando orçamento da campanha",0,2.64,Contínuo,–,–,–,20,132,,,,,0,0,0,,,,,0,0,,
2026-05-01,2026-08-08,#AD25,not_delivering,"Clique de 7 dias ou visualização de 1 dia",,,1155,1.380952,,"Usando orçamento da campanha",0,204.86,Contínuo,–,–,–,1595,128.438871,27,,7.587407,1.69279,37,2.319749,5.536757,20,10.243,,,0,0,,
2026-05-01,2026-08-08,#AD26,not_delivering,"Clique de 7 dias ou visualização de 1 dia",,,1977,1.444107,,"Usando orçamento da campanha",0,286.42,Contínuo,"Na média",–,–,2855,100.322242,50,,5.7284,1.751313,66,2.311734,4.339697,46,6.226522,,,0,0,,
2026-05-01,2026-08-08,"#AD22 - 5287",not_delivering,"Clique de 7 dias ou visualização de 1 dia",,,14,1.357143,,"Usando orçamento da campanha",0,1.62,Contínuo,–,–,–,19,85.263158,1,,1.62,5.263158,1,5.263158,1.62,,,,,0,0,,
2026-05-01,2026-08-08,#AD27,inactive,"Clique de 7 dias ou visualização de 1 dia",2,actions:offsite_conversion.fb_pixel_purchase,3021,2.679245,269.495,300,Diário,538.99,Contínuo,"Na média","Na média","Na média",8094,66.591302,128,,4.210859,1.581418,182,2.248579,2.961484,115,4.68687,,7.707193,0,4154.1,,
2026-05-01,2026-08-08,28/06,not_delivering,"Clique de 7 dias",1,actions:offsite_conversion.fb_pixel_purchase,13778,1.08949,343.32,500,Total,343.32,2026-06-28,–,–,–,15011,22.871228,272,,1.262206,1.812005,310,2.065152,1.107484,33,10.403636,,0.149423,0,51.3,,
2026-05-01,2026-08-08,28/06,archived,"Clique de 7 dias ou visualização de 1 dia",1173,actions:link_click,128821,1,0.42625746,500,Total,500,2026-06-28,–,–,–,128821,3.881355,1173,,0.426257,0.910566,1239,0.9618,0.403551,1,500,,,0,0,,
2026-05-01,2026-08-08,06/07,not_delivering,"Clique de 7 dias",,,5263,1.174995,,500,Total,310.28,2026-07-06,–,–,–,6184,50.174644,106,,2.92717,1.714101,116,1.875809,2.674828,12,25.856667,,,0,0,,
2026-05-01,2026-08-08,"AD28 - Vídeo - Narrado - chega de fiar borrifando e virando vareta",active,"Clique de 7 dias ou visualização de 1 dia",,,474,1.400844,,507.69,Diário,60.86,Contínuo,–,–,–,664,91.656627,7,,8.694286,1.054217,9,1.355422,6.762222,9,6.762222,,,0,0,,
2026-05-01,2026-08-08,"AD 05",active,"Clique de 7 dias ou visualização de 1 dia",27,actions:offsite_conversion.fb_pixel_purchase,84992,1.454384,236.86962963,"Usando orçamento da campanha",0,6395.48,Contínuo,"Na média",–,–,123611,51.738761,3096,,2.065724,2.504631,3842,3.108138,1.664623,2982,2.144695,,7.210364,0,46113.74,,
2026-05-01,2026-08-08,"AD28 - Vídeo - Narrado - chega de fiar borrifando e virando vareta — Cópia",archived,"Clique de 7 dias ou visualização de 1 dia",,,61,1.131148,,"Usando orçamento da campanha",0,3.54,Contínuo,–,–,–,69,51.304348,1,,3.54,1.449275,2,2.898551,1.77,1,3.54,,,0,0,,
2026-05-01,2026-08-08,"AD28 - Vídeo - Narrado - chega de ficar borrifando e virando vareta",active,"Clique de 7 dias ou visualização de 1 dia",,,315,1.380952,,"Usando orçamento da campanha",0,36.86,Contínuo,–,–,–,435,84.735632,5,,7.372,1.149425,6,1.37931,6.143333,5,7.372,,,0,0,,
2026-05-01,2026-08-08,"AD 06",active,"Clique de 7 dias ou visualização de 1 dia",22,actions:offsite_conversion.fb_pixel_purchase,11760,1.669048,108.71818182,507.69,Diário,2391.8,Contínuo,"Na média",–,–,19628,121.856531,439,,5.448292,2.236601,591,3.011005,4.047039,409,5.847922,,9.764035,0,23353.62,,
2026-05-01,2026-08-08,"#AD007 — Cópia",inactive,"Clique de 7 dias ou visualização de 1 dia",,,91,1.318681,,"Usando orçamento da campanha",0,12.67,Contínuo,–,–,–,120,105.583333,1,,12.67,0.833333,1,0.833333,12.67,1,12.67,,,0,0,,
2026-05-01,2026-08-08,"AD 02 - Reinaldo",active,"Clique de 7 dias ou visualização de 1 dia",33,actions:offsite_conversion.fb_pixel_purchase,46115,1.518595,200.30060606,"Usando orçamento da campanha",0,6609.92,Contínuo,"Na média",–,–,70030,94.386977,1134,,5.828854,1.619306,1533,2.189062,4.311755,1061,6.229896,,7.809282,0,51618.73,,
2026-05-01,2026-08-08,AD29,inactive,"Clique de 7 dias ou visualização de 1 dia",,,433,1.325635,,507.69,Diário,84.32,Contínuo,–,–,–,574,146.898955,10,,8.432,1.74216,13,2.264808,6.486154,8,10.54,,,0,0,,
2026-05-01,2026-08-08,#AD30,inactive,"Clique de 7 dias, visualização de 1 dia ou visualização com engajamento de 1 dia",1,actions:offsite_conversion.fb_pixel_purchase,24791,1.419467,540.66,200,Diário,540.66,Contínuo,"Abaixo da média – 35% mais baixos dos anúncios","Acima da média","Abaixo da média – 35% mais baixos dos anúncios",35190,15.364024,1926,,0.280717,5.473146,2024,5.751634,0.267125,1877,0.288045,,3.083269,0,1667,,
2026-05-01,2026-08-08,"AD31 - Vídeo Juju",inactive,"Clique de 7 dias ou visualização de 1 dia",,,13633,1.360742,,"Usando orçamento da campanha",0,467.7,Contínuo,"Abaixo da média – 35% mais baixos dos anúncios",–,–,18551,25.211579,1217,,0.384306,6.560293,1270,6.845992,0.368268,1170,0.399744,,,0,0,,
2026-05-01,2026-08-08,#AD005,inactive,"Clique de 7 dias ou visualização de 1 dia",273,video_thruplay_watched_actions,2736,1.251462,0.08663004,6,Diário,23.65,Contínuo,"Na média","Abaixo da média – 35% mais baixos dos anúncios","Na média",3424,6.907126,5,,4.73,0.146028,23,0.671729,1.028261,5,4.73,,,0,0,,
2026-05-01,2026-08-08,"#AD006 - Camila Loures",inactive,"Clique de 7 dias ou visualização de 1 dia",356,video_thruplay_watched_actions,2154,1.506964,0.10269663,6,Diário,36.56,Contínuo,"Na média","Abaixo da média – 20% mais baixos dos anúncios","Na média",3246,11.263093,24,,1.523333,0.739372,41,1.263093,0.891707,22,1.661818,,,0,0,,
2026-05-01,2026-08-08,"#AD37 - Passeando Shopping - DSB - B2C",inactive,"Clique de 7 dias, visualização de 1 dia ou visualização com engajamento de 1 dia",,,6341,1.44851,,100,Diário,706.73,Contínuo,"Na média","Acima da média","Abaixo da média – 35% mais baixos dos anúncios",9185,76.94393,129,,5.478527,1.404464,181,1.970604,3.904586,115,6.145478,,,0,0,,
2026-05-01,2026-08-08,"#AD36 - Clínica - DSB - B2B",inactive,"Clique de 7 dias, visualização de 1 dia ou visualização com engajamento de 1 dia",,,987,1.220871,,100,Diário,23.77,Contínuo,"Abaixo da média – 20% mais baixos dos anúncios","Na média","Na média",1205,19.726141,7,,3.395714,0.580913,9,0.746888,2.641111,5,4.754,,,0,0,,
2026-05-01,2026-08-08,"#AD35 - Segredo - DSB - B2B",inactive,"Clique de 7 dias, visualização de 1 dia ou visualização com engajamento de 1 dia",1,actions:offsite_conversion.fb_pixel_purchase,7580,1.726121,662.46,100,Diário,662.46,Contínuo,"Na média","Na média","Abaixo da média – 35% mais baixos dos anúncios",13084,50.631305,192,,3.450313,1.467441,315,2.407521,2.103048,181,3.66,,1.683271,0,1115.1,,
2026-05-01,2026-08-08,"#AD35 - Cheiro Shopping - Conceito - B2B",inactive,"Clique de 7 dias, visualização de 1 dia ou visualização com engajamento de 1 dia",,,278,1.377698,,200,Diário,25.91,Contínuo,–,–,–,383,67.650131,5,,5.182,1.305483,8,2.088773,3.23875,4,6.4775,,,0,0,,
2026-05-01,2026-08-08,"#AD34 - Celular - Conceito - B2C",inactive,"Clique de 7 dias, visualização de 1 dia ou visualização com engajamento de 1 dia",4,actions:offsite_conversion.fb_pixel_purchase,11657,1.41949,428.0625,200,Diário,1712.25,Contínuo,"Na média","Acima da média","Abaixo da média – 35% mais baixos dos anúncios",16547,103.477972,265,,6.461321,1.601499,401,2.4234,4.26995,247,6.932186,,2.879661,0,4930.7,,
2026-05-01,2026-08-08,"#AD33 - Pesquisa - Conceito - B2B",inactive,"Clique de 7 dias, visualização de 1 dia ou visualização com engajamento de 1 dia",,,299,1.468227,,200,Diário,17.85,Contínuo,–,–,–,439,40.660592,3,,5.95,0.683371,7,1.594533,2.55,2,8.925,,,0,0,,
2026-05-01,2026-08-08,"#AD31 - Café - Ângulo - B2B",active,"Clique de 7 dias, visualização de 1 dia ou visualização com engajamento de 1 dia",,,886,1.423251,,300,Diário,47.33,Contínuo,"Abaixo da média – 35% mais baixos dos anúncios","Na média","Abaixo da média – 35% mais baixos dos anúncios",1261,37.533703,16,,2.958125,1.268834,20,1.586043,2.3665,11,4.302727,,,0,0,,
2026-05-01,2026-08-08,"#AD32 - Detalhes invisíveis - Ângulo - B2C",active,"Clique de 7 dias, visualização de 1 dia ou visualização com engajamento de 1 dia",19,actions:offsite_conversion.fb_pixel_purchase,16882,1.723729,242.49,300,Diário,4607.31,Contínuo,"Na média","Na média","Abaixo da média – 35% mais baixos dos anúncios",29100,158.326804,601,,7.666073,2.065292,814,2.797251,5.660086,580,7.943638,,8.403218,0,38716.23,,
2026-05-01,2026-08-08,#AD006,inactive,"Clique de 7 dias ou visualização de 1 dia",135,video_thruplay_watched_actions,1364,1.144428,0.07785185,6,Diário,10.51,Contínuo,"Na média","Abaixo da média – 35% mais baixos dos anúncios","Abaixo da média – 35% mais baixos dos anúncios",1561,6.732864,3,,3.503333,0.192185,17,1.089045,0.618235,3,3.503333,,,0,0,,
2026-05-01,2026-08-08,"#AD004 - Maira",active,"Clique de 7 dias ou visualização de 1 dia",363,video_thruplay_watched_actions,1803,1.122019,0.02798898,12,Diário,10.16,Contínuo,"Na média","Abaixo da média – 35% mais baixos dos anúncios","Acima da média",2023,5.022244,10,,1.016,0.494315,32,1.581809,0.3175,7,1.451429,,,0,0,,
2026-05-01,2026-08-08,"#AD006 - Camila Loures",active,"Clique de 7 dias ou visualização de 1 dia",321,video_thruplay_watched_actions,1714,1.099767,0.03074766,12,Diário,9.87,Contínuo,"Na média","Abaixo da média – 35% mais baixos dos anúncios","Acima da média",1885,5.236074,8,,1.23375,0.424403,24,1.27321,0.41125,8,1.23375,,,0,0,,
2026-05-01,2026-08-08,"#AD005 - Paulo",active,"Clique de 7 dias ou visualização de 1 dia",120,video_thruplay_watched_actions,855,1.095906,0.04325,12,Diário,5.19,Contínuo,"Na média","Abaixo da média – 35% mais baixos dos anúncios","Acima da média",937,5.538954,1,,5.19,0.106724,12,1.280683,0.4325,1,5.19,,,0,0,,
2026-05-01,2026-08-08,"#AD001 - Vídeo Reinaldo",active,"Clique de 7 dias ou visualização de 1 dia",99,video_thruplay_watched_actions,593,1.106239,0.03787879,12,Diário,3.75,Contínuo,"Na média","Abaixo da média – 20% mais baixos dos anúncios","Na média",656,5.716463,9,,0.416667,1.371951,13,1.981707,0.288462,8,0.46875,,,0,0,,
2026-05-01,2026-08-08,#AD004,archived,"Clique de 1 dia",,,1,1,,20,Diário,0,Contínuo,–,–,–,1,0,,,,,0,0,0,,,,,0,0,,
2026-05-01,2026-08-08,#AD003,active,"Clique de 1 dia",534,profile_visit_view,12133,1.305201,0.34404494,20,Diário,183.72,Contínuo,"Acima da média",–,–,15836,11.601415,584,,0.314589,3.6878,666,4.205607,0.275856,170,1.080706,,,0,0,,
2026-05-01,2026-08-08,"#AD005 - Vídeo Reinaldo explicando as maquinas",active,"Clique de 1 dia",68,profile_visit_view,1554,1.123552,0.3625,20,Diário,24.65,Contínuo,"Na média",–,–,1746,14.117984,86,,0.286628,4.925544,102,5.841924,0.241667,19,1.297368,,,0,0,,
2026-05-01,2026-08-08,"#AD31 - Vídeo - 6x sem juros + Frete Grátis",active,"Clique de 7 dias ou visualização de 1 dia",,,438,1.511416,,300,Diário,56.78,Contínuo,–,–,–,662,85.770393,15,,3.785333,2.265861,18,2.719033,3.154444,15,3.785333,,,0,0,,
2026-05-01,2026-08-08,"#AD34 - Vídeo B - PET Cheiro de Casa",not_delivering,"Clique de 7 dias ou visualização de 1 dia",2,actions:offsite_conversion.fb_pixel_purchase,5056,1.37856,220.73,"Usando orçamento da campanha",0,441.46,Contínuo,"Na média",–,–,6970,63.337159,68,,6.492059,0.97561,1127,16.169297,0.391713,60,7.357667,,3.223372,0,1422.99,,
2026-05-01,2026-08-08,"#AD33 - Vídeo A - PET Cheiro de Casa",not_delivering,"Clique de 7 dias ou visualização de 1 dia",1,actions:offsite_conversion.fb_pixel_purchase,7903,1.431102,669.44,"Usando orçamento da campanha",0,669.44,Contínuo,"Na média",–,–,11310,59.190097,111,,6.030991,0.981432,1823,16.118479,0.367219,89,7.521798,,1.616276,0,1082,,
2026-05-01,2026-08-08,"#AD34 - Celular - Conceito - B2C",active,"Clique de 7 dias ou visualização de 1 dia",,,134,1.074627,,"Usando orçamento da campanha",0,35.15,Contínuo,–,–,–,144,244.097222,3,,11.716667,2.083333,3,2.083333,11.716667,2,17.575,,,0,0,,
2026-05-01,2026-08-08,#AD006,active,"Clique de 7 dias ou visualização de 1 dia",97,video_thruplay_watched_actions,568,1.100352,0.05092784,12,Diário,4.94,Contínuo,"Acima da média","Abaixo da média – 35% mais baixos dos anúncios","Na média",625,7.904,2,,2.47,0.32,5,0.8,0.988,1,4.94,,,0,0,,
2026-05-01,2026-08-08,"AD 01",not_delivering,"Clique de 7 dias ou visualização de 1 dia",26,actions:onsite_conversion.messaging_conversation_started_7d,3541,1.1878,3.55923077,13,Diário,92.54,Contínuo,–,–,–,4206,22.001902,48,,1.927917,1.141227,72,1.71184,1.285278,,,,,0,0,,
2026-05-01,2026-08-08,"AD 01",not_delivering,"Clique de 7 dias ou visualização de 1 dia",,,0,0,,10,Diário,0,Contínuo,–,–,–,0,0,,,,,0,0,0,,,,,0,0,,
2026-05-01,2026-08-08,"AD 01",not_delivering,"Clique de 7 dias ou visualização de 1 dia",3,actions:onsite_conversion.messaging_conversation_started_7d,381,1.115486,3.23666667,10,Diário,9.71,Contínuo,–,–,–,425,22.847059,5,,1.942,1.176471,9,2.117647,1.078889,,,,,0,0,,
2026-05-01,2026-08-08,"AD 02",not_delivering,"Clique de 7 dias ou visualização de 1 dia",59,actions:onsite_conversion.messaging_conversation_started_7d,6640,1.406476,4.13322034,10,Diário,243.86,Contínuo,–,–,–,9339,26.112003,129,,1.890388,1.381304,190,2.034479,1.283474,4,60.965,,,0,0,,
2026-05-01,2026-08-08,"AD 01",not_delivering,"Clique de 7 dias ou visualização de 1 dia",,,0,0,,10,Diário,0,Contínuo,–,–,–,0,0,,,,,0,0,0,,,,,0,0,,
2026-05-01,2026-08-08,"AD 03 - Schi",active,"Clique de 7 dias ou visualização de 1 dia",2,actions:offsite_conversion.fb_pixel_purchase,1129,1.362267,85.68,200,Diário,171.36,Contínuo,"Na média","Acima da média","Na média",1538,111.417425,21,,8.16,1.36541,27,1.755527,6.346667,18,9.52,,8.493522,0,1455.45,,
2026-05-01,2026-08-08,"AD 02 - Reinaldo",active,"Clique de 7 dias ou visualização de 1 dia",3,actions:offsite_conversion.fb_pixel_purchase,5464,1.15959,98.93333333,200,Diário,296.8,Contínuo,"Na média","Acima da média","Abaixo da média – 35% mais baixos dos anúncios",6336,46.843434,113,,2.626549,1.78346,165,2.604167,1.798788,106,2.8,,13.82345,0,4102.8,,
2026-05-01,2026-08-08,"AD02 - Estático - Cupom MAQUINA10",not_delivering,"Clique de 7 dias, visualização de 1 dia ou visualização com engajamento de 1 dia",1,actions:offsite_conversion.fb_pixel_purchase,700,1.777143,123.08,20,Diário,123.08,Contínuo,–,–,–,1244,98.938907,22,,5.594545,1.768489,29,2.33119,4.244138,19,6.477895,,7.019825,0,864,,
2026-05-01,2026-08-08,"AD02 - Estático - Cupom MAQUINA10",inactive,"Clique de 7 dias ou visualização de 1 dia",,,154,1.506494,,300,Diário,16.88,Contínuo,–,–,–,232,72.758621,7,,2.411429,3.017241,7,3.017241,2.411429,6,2.813333,,,0,0,,
2026-05-01,2026-08-08,"#AD17 - Imagem",not_delivering,"Clique de 7 dias ou visualização de 1 dia",,,527,1.332068,,20,Diário,48.43,Contínuo,–,–,–,702,68.988604,13,,3.725385,1.851852,15,2.136752,3.228667,10,4.843,,,0,0,,
2026-05-01,2026-08-08,"#AD17 - Imagem",not_delivering,"Clique de 7 dias ou visualização de 1 dia",,,647,1.205564,,20,Diário,50.99,Contínuo,–,–,–,780,65.371795,17,,2.999412,2.179487,23,2.948718,2.216957,17,2.999412,,,0,0,,
2026-05-01,2026-08-08,"#AD17 - Imagem",inactive,"Clique de 7 dias ou visualização de 1 dia",2,actions:offsite_conversion.fb_pixel_purchase,2292,2.257853,175.085,300,Diário,350.17,Contínuo,–,–,–,5175,67.6657,73,,4.796849,1.410628,110,2.125604,3.183364,70,5.002429,,3.986635,0,1396,,
2026-05-01,2026-08-08,"#AD17 - Imagem v2",not_delivering,"Clique de 7 dias ou visualização de 1 dia",,,1023,1.245357,,20,Diário,98.39,Contínuo,–,–,–,1274,77.229199,23,,4.277826,1.805338,31,2.433281,3.173871,20,4.9195,,,0,0,,
2026-05-01,2026-08-08,"AD 03",not_delivering,"Clique de 7 dias ou visualização de 1 dia",68,actions:onsite_conversion.messaging_conversation_started_7d,6608,1.371973,4.06632353,15,Diário,276.51,Contínuo,–,–,–,9066,30.499669,146,,1.893904,1.610413,225,2.4818,1.228933,6,46.085,,,0,0,,
2026-05-01,2026-08-08,"AD 02",not_delivering,"Clique de 7 dias ou visualização de 1 dia",,,37,1.054054,,20,Diário,3.48,Contínuo,–,–,–,39,89.230769,,,,,2,5.128205,1.74,,,,,0,0,,
2026-05-01,2026-08-08,"AD 03",not_delivering,"Clique de 7 dias ou visualização de 1 dia",,,600,2.001667,,20,Diário,96.61,Contínuo,–,–,–,1201,80.441299,13,,7.431538,1.082431,24,1.998335,4.025417,10,9.661,,,0,0,,
2026-05-01,2026-08-08,"AD28 - Estático - Cupom MAQUINA10 — Hotel 5 estrelas",active,"Clique de 7 dias ou visualização de 1 dia",4,actions:offsite_conversion.fb_pixel_purchase,2031,2.281635,60.865,300,Diário,243.46,Contínuo,–,–,–,4634,52.537764,41,,5.938049,0.884765,56,1.208459,4.3475,36,6.762778,,13.370739,0,3255.24,,
2026-05-01,2026-08-08,"#AD32 - Detalhes invisíveis - Ângulo - B2C",active,"Clique de 7 dias ou visualização de 1 dia",,,8,1,,"Usando orçamento da campanha",0,0.09,Contínuo,–,–,–,8,11.25,,,,,0,0,0,,,,,0,0,,
2026-05-01,2026-08-08,#AD005,active,"Clique de 7 dias ou visualização de 1 dia",13,video_thruplay_watched_actions,68,1.073529,0.04615385,12,Diário,0.6,Contínuo,–,–,–,73,8.219178,,,,,0,0,0,,,,,0,0,,
2026-05-01,2026-08-08,#AD004,active,"Clique de 7 dias ou visualização de 1 dia",2148,video_thruplay_watched_actions,8998,1.396866,0.04815642,12,Diário,103.44,Contínuo,"Na média","Abaixo da média – 35% mais baixos dos anúncios","Na média",12569,8.229772,35,,2.955429,0.278463,151,1.201368,0.685033,29,3.566897,,0.601315,0,62.2,,
2026-05-01,2026-08-08,#AD006,active,"Clique de 1 dia",,,19,1,,20,Diário,0.2,Contínuo,–,–,–,19,10.526316,,,,,0,0,0,,,,,0,0,,
2026-05-01,2026-08-08,#AD002,active,"Clique de 1 dia",62,profile_visit_view,1297,1.067078,0.35048387,20,Diário,21.73,Contínuo,"Na média",–,–,1384,15.700867,65,,0.334308,4.696532,77,5.563584,0.282208,24,0.905417,,,0,0,,
2026-05-01,2026-08-08,"#AD32 - Cheiro de shopping",active,"Clique de 7 dias ou visualização de 1 dia",,,1971,1.468798,,300,Diário,193.72,Contínuo,"Na média","Na média","Abaixo da média – 35% mais baixos dos anúncios",2895,66.915371,38,,5.097895,1.312608,51,1.761658,3.798431,35,5.534857,,,0,0,,
2026-05-01,2026-08-08,"#AD34 - Vídeo B - PET Cheiro de Casa",active,"Clique de 7 dias, visualização de 1 dia ou visualização com engajamento de 1 dia",,,2602,1.155265,,300,Diário,140.37,Contínuo,"Na média","Acima da média","Na média",3006,46.696607,34,,4.128529,1.131071,648,21.556886,0.21662,32,4.386563,,,0,0,,
2026-05-01,2026-08-08,"#AD35 - Segredo do Shopping",active,"Clique de 7 dias, visualização de 1 dia ou visualização com engajamento de 1 dia",5,actions:offsite_conversion.fb_pixel_purchase,8851,1.298949,292.75,300,Diário,1463.75,Contínuo,"Na média","Na média","Abaixo da média – 35% mais baixos dos anúncios",11497,127.315822,196,,7.468112,1.704793,265,2.304949,5.523585,180,8.131944,,7.167631,0,10491.62,,
2026-05-01,2026-08-08,Reinaldo,inactive,"Clique de 7 dias ou visualização de 1 dia",,,0,0,,25,Diário,0,Contínuo,–,–,–,0,0,,,,,0,0,0,,,,,0,0,,
2026-05-01,2026-08-08,Gap,inactive,"Clique de 7 dias ou visualização de 1 dia",,,0,0,,25,Diário,0,Contínuo,–,–,–,0,0,,,,,0,0,0,,,,,0,0,,
2026-05-01,2026-08-08,Reinaldo,inactive,"Clique de 7 dias ou visualização de 1 dia",,,0,0,,80,Diário,0,Contínuo,–,–,–,0,0,,,,,0,0,0,,,,,0,0,,
2026-05-01,2026-08-08,"AD 04 - Reinaldo V2",inactive,"Clique de 7 dias, visualização de 1 dia ou visualização com engajamento de 1 dia",,,0,0,,30,Diário,0,Contínuo,–,–,–,0,0,,,,,0,0,0,,,,,0,0,,
2026-05-01,2026-08-08,"AD 01 - Influencer",inactive,"Clique de 7 dias, visualização de 1 dia ou visualização com engajamento de 1 dia",,,0,0,,30,Diário,0,Contínuo,–,–,–,0,0,,,,,0,0,0,,,,,0,0,,
2026-05-01,2026-08-08,"AD 02",inactive,"Clique de 7 dias ou visualização de 1 dia",,,0,0,,13,Diário,0,Contínuo,–,–,–,0,0,,,,,0,0,0,,,,,0,0,,
2026-05-01,2026-08-08,"#AD001 - Remarketing",not_delivering,"Clique de 7 dias, visualização de 1 dia ou visualização com engajamento de 1 dia",,,0,0,,10,Diário,0,Contínuo,–,–,–,0,0,,,,,0,0,0,,,,,0,0,,
2026-05-01,2026-08-08,"#AD009 - Landing page -Máquina de 40m²",inactive,"Clique de 7 dias, visualização de 1 dia ou visualização com engajamento de 1 dia",,,0,0,,30,Diário,0,Contínuo,–,–,–,0,0,,,,,0,0,0,,,,,0,0,,
2026-05-01,2026-08-08,"AD 03",inactive,"Clique de 7 dias, visualização de 1 dia ou visualização com engajamento de 1 dia",,,0,0,,60,Diário,0,Contínuo,–,–,–,0,0,,,,,0,0,0,,,,,0,0,,
2026-05-01,2026-08-08,"AD 02",inactive,"Clique de 7 dias, visualização de 1 dia ou visualização com engajamento de 1 dia",,,0,0,,60,Diário,0,Contínuo,–,–,–,0,0,,,,,0,0,0,,,,,0,0,,
2026-05-01,2026-08-08,"#AD002 - Vídeo com link de landing page",inactive,"Clique de 7 dias, visualização de 1 dia ou visualização com engajamento de 1 dia",,,0,0,,60,Diário,0,Contínuo,–,–,–,0,0,,,,,0,0,0,,,,,0,0,,
2026-05-01,2026-08-08,"AD 01 - Influencer",inactive,"Clique de 7 dias ou visualização de 1 dia",,,0,0,,200,Diário,0,Contínuo,–,–,–,0,0,,,,,0,0,0,,,,,0,0,,
2026-05-01,2026-08-08,"AD 04 - Reinaldo V2",inactive,"Clique de 7 dias ou visualização de 1 dia",,,0,0,,200,Diário,0,Contínuo,–,–,–,0,0,,,,,0,0,0,,,,,0,0,,
2026-05-01,2026-08-08,"#AD008 - Carrossel Catálogo  - máquinas",not_delivering,"Clique de 7 dias ou visualização de 1 dia",,,0,0,,20,Diário,0,Contínuo,–,–,–,0,0,,,,,0,0,0,,,,,0,0,,
2026-05-01,2026-08-08,#AD008,inactive,"Clique de 7 dias, visualização de 1 dia ou visualização com engajamento de 1 dia",,,0,0,,200,Diário,0,Contínuo,–,–,–,0,0,,,,,0,0,0,,,,,0,0,,
2026-05-01,2026-08-08,#AD009,inactive,"Clique de 7 dias, visualização de 1 dia ou visualização com engajamento de 1 dia",,,0,0,,200,Diário,0,Contínuo,–,–,–,0,0,,,,,0,0,0,,,,,0,0,,
2026-05-01,2026-08-08,#AD11,inactive,"Clique de 7 dias, visualização de 1 dia ou visualização com engajamento de 1 dia",,,0,0,,200,Diário,0,Contínuo,–,–,–,0,0,,,,,0,0,0,,,,,0,0,,
2026-05-01,2026-08-08,#AD11,inactive,"Clique de 7 dias, visualização de 1 dia ou visualização com engajamento de 1 dia",,,0,0,,60,Diário,0,Contínuo,–,–,–,0,0,,,,,0,0,0,,,,,0,0,,
2026-05-01,2026-08-08,"#AD006 -  Vídeo Camila",inactive,"Clique de 7 dias ou visualização de 1 dia",,,0,0,,40,Diário,0,Contínuo,–,–,–,0,0,,,,,0,0,0,,,,,0,0,,
2026-05-01,2026-08-08,"#AD17 - Imagem v2",inactive,"Clique de 7 dias ou visualização de 1 dia",,,0,0,,20,Diário,0,Contínuo,–,–,–,0,0,,,,,0,0,0,,,,,0,0,,
2026-05-01,2026-08-08,"AD 03 - Schi",inactive,"Clique de 7 dias ou visualização de 1 dia",,,0,0,,20,Diário,0,Contínuo,–,–,–,0,0,,,,,0,0,0,,,,,0,0,,
2026-05-01,2026-08-08,"AD 01 - Influencer",inactive,"Clique de 7 dias ou visualização de 1 dia",,,0,0,,20,Diário,0,Contínuo,–,–,–,0,0,,,,,0,0,0,,,,,0,0,,
2026-05-01,2026-08-08,"#AD10 - Não vai dizer que ainda usa spray",inactive,"Clique de 7 dias ou visualização de 1 dia",,,0,0,,20,Diário,0,Contínuo,–,–,–,0,0,,,,,0,0,0,,,,,0,0,,
2026-05-01,2026-08-08,"AD29 - Estático - Cupom MAQUINA10  - Queridinho famosas",active,"Clique de 7 dias ou visualização de 1 dia",1,actions:offsite_conversion.fb_pixel_purchase,1193,2.512154,119.9,300,Diário,119.9,Contínuo,–,–,–,2997,40.006673,27,,4.440741,0.900901,43,1.434768,2.788372,26,4.611538,,0.427857,0,51.3,,
2026-05-01,2026-08-08,"AD30 - Estático - Cupom MAQUINA10  - Ambiente - Experiência",active,"Clique de 7 dias ou visualização de 1 dia",,,401,1.55611,,300,Diário,35.4,Contínuo,–,–,–,624,56.730769,8,,4.425,1.282051,8,1.282051,4.425,9,3.933333,,,0,0,,
2026-05-01,2026-08-08,Dani,inactive,"Clique de 7 dias ou visualização de 1 dia",,,0,0,,25,Diário,0,Contínuo,–,–,–,0,0,,,,,0,0,0,,,,,0,0,,
2026-05-01,2026-08-08,"Reinaldo 2",inactive,"Clique de 7 dias ou visualização de 1 dia",,,0,0,,25,Diário,0,Contínuo,–,–,–,0,0,,,,,0,0,0,,,,,0,0,,
2026-05-01,2026-08-08,"Schi 1",inactive,"Clique de 7 dias ou visualização de 1 dia",,,0,0,,80,Diário,0,Contínuo,–,–,–,0,0,,,,,0,0,0,,,,,0,0,,
2026-05-01,2026-08-08,"Schi 1",inactive,"Clique de 7 dias ou visualização de 1 dia",,,0,0,,25,Diário,0,Contínuo,–,–,–,0,0,,,,,0,0,0,,,,,0,0,,
2026-05-01,2026-08-08,"Schi 2",inactive,"Clique de 7 dias ou visualização de 1 dia",,,0,0,,25,Diário,0,Contínuo,–,–,–,0,0,,,,,0,0,0,,,,,0,0,,
2026-05-01,2026-08-08,"AD 03 - Schi",inactive,"Clique de 7 dias, visualização de 1 dia ou visualização com engajamento de 1 dia",,,0,0,,30,Diário,0,Contínuo,–,–,–,0,0,,,,,0,0,0,,,,,0,0,,
2026-05-01,2026-08-08,"AD 02 - Reinaldo",inactive,"Clique de 7 dias, visualização de 1 dia ou visualização com engajamento de 1 dia",,,0,0,,30,Diário,0,Contínuo,–,–,–,0,0,,,,,0,0,0,,,,,0,0,,
2026-05-01,2026-08-08,"AD 03 - Schi",inactive,"Clique de 7 dias, visualização de 1 dia ou visualização com engajamento de 1 dia",,,0,0,,40,Diário,0,Contínuo,–,–,–,0,0,,,,,0,0,0,,,,,0,0,,
2026-05-01,2026-08-08,"AD 01 - Influencer",inactive,"Clique de 7 dias, visualização de 1 dia ou visualização com engajamento de 1 dia",,,0,0,,200,Diário,0,Contínuo,–,–,–,0,0,,,,,0,0,0,,,,,0,0,,
2026-05-01,2026-08-08,"AD 04 - Juju",inactive,"Clique de 7 dias, visualização de 1 dia ou visualização com engajamento de 1 dia",,,0,0,,200,Diário,0,Contínuo,–,–,–,0,0,,,,,0,0,0,,,,,0,0,,
2026-05-01,2026-08-08,"AD 04 - Juju",inactive,"Clique de 7 dias, visualização de 1 dia ou visualização com engajamento de 1 dia",,,0,0,,40,Diário,0,Contínuo,–,–,–,0,0,,,,,0,0,0,,,,,0,0,,
2026-05-01,2026-08-08,"#AD002 - Remarketing",inactive,"Clique de 7 dias, visualização de 1 dia ou visualização com engajamento de 1 dia",,,0,0,,10,Diário,0,Contínuo,–,–,–,0,0,,,,,0,0,0,,,,,0,0,,
2026-05-01,2026-08-08,"AD 01",inactive,"Clique de 7 dias, visualização de 1 dia ou visualização com engajamento de 1 dia",,,0,0,,60,Diário,0,Contínuo,–,–,–,0,0,,,,,0,0,0,,,,,0,0,,
2026-05-01,2026-08-08,"AD 05",inactive,"Clique de 7 dias, visualização de 1 dia ou visualização com engajamento de 1 dia",,,0,0,,40,Diário,0,Contínuo,–,–,–,0,0,,,,,0,0,0,,,,,0,0,,
2026-05-01,2026-08-08,"#AD006 -  Vídeo Camila",inactive,"Clique de 7 dias ou visualização de 1 dia",,,0,0,,200,Diário,0,Contínuo,–,–,–,0,0,,,,,0,0,0,,,,,0,0,,
2026-05-01,2026-08-08,#AD007,not_delivering,"Clique de 7 dias ou visualização de 1 dia",,,0,0,,20,Diário,0,Contínuo,–,–,–,0,0,,,,,0,0,0,,,,,0,0,,
2026-05-01,2026-08-08,#AD007,inactive,"Clique de 7 dias, visualização de 1 dia ou visualização com engajamento de 1 dia",,,0,0,,200,Diário,0,Contínuo,–,–,–,0,0,,,,,0,0,0,,,,,0,0,,
2026-05-01,2026-08-08,#AD007,inactive,"Clique de 7 dias, visualização de 1 dia ou visualização com engajamento de 1 dia",,,0,0,,60,Diário,0,Contínuo,–,–,–,0,0,,,,,0,0,0,,,,,0,0,,
2026-05-01,2026-08-08,"#AD10 - Não vai dizer que ainda usa spray",not_delivering,"Clique de 7 dias, visualização de 1 dia ou visualização com engajamento de 1 dia",,,0,0,,10,Diário,0,Contínuo,–,–,–,0,0,,,,,0,0,0,,,,,0,0,,
2026-05-01,2026-08-08,"#AD10 - Não vai dizer que ainda usa spray",inactive,"Clique de 7 dias, visualização de 1 dia ou visualização com engajamento de 1 dia",,,0,0,,60,Diário,0,Contínuo,–,–,–,0,0,,,,,0,0,0,,,,,0,0,,
2026-05-01,2026-08-08,#AD009,inactive,"Clique de 7 dias, visualização de 1 dia ou visualização com engajamento de 1 dia",,,0,0,,60,Diário,0,Contínuo,–,–,–,0,0,,,,,0,0,0,,,,,0,0,,
2026-05-01,2026-08-08,"AD 06",inactive,"Clique de 7 dias ou visualização de 1 dia",,,0,0,,40,Diário,0,Contínuo,–,–,–,0,0,,,,,0,0,0,,,,,0,0,,
2026-05-01,2026-08-08,"AD 02 - Reinaldo",inactive,"Clique de 7 dias ou visualização de 1 dia",,,0,0,,20,Diário,0,Contínuo,–,–,–,0,0,,,,,0,0,0,,,,,0,0,,
2026-05-01,2026-08-08,"AD 04 - Juju",inactive,"Clique de 7 dias ou visualização de 1 dia",,,0,0,,20,Diário,0,Contínuo,–,–,–,0,0,,,,,0,0,0,,,,,0,0,,
2026-05-01,2026-08-08,"#AD10 - Não vai dizer que ainda usa spray",inactive,"Clique de 7 dias ou visualização de 1 dia",,,0,0,,20,Diário,0,Contínuo,–,–,–,0,0,,,,,0,0,0,,,,,0,0,,
2026-05-01,2026-08-08,"Reinaldo 2",inactive,"Clique de 7 dias ou visualização de 1 dia",,,0,0,,80,Diário,0,Contínuo,–,–,–,0,0,,,,,0,0,0,,,,,0,0,,
2026-05-01,2026-08-08,"Reinaldo 3",inactive,"Clique de 7 dias ou visualização de 1 dia",,,0,0,,15,Diário,0,Contínuo,–,–,–,0,0,,,,,0,0,0,,,,,0,0,,
2026-05-01,2026-08-08,"Reinaldo 3 - V2",inactive,"Clique de 7 dias ou visualização de 1 dia",,,0,0,,80,Diário,0,Contínuo,–,–,–,0,0,,,,,0,0,0,,,,,0,0,,
2026-05-01,2026-08-08,"AD 02 - Reinaldo",inactive,"Clique de 7 dias, visualização de 1 dia ou visualização com engajamento de 1 dia",,,0,0,,40,Diário,0,Contínuo,–,–,–,0,0,,,,,0,0,0,,,,,0,0,,
2026-05-01,2026-08-08,"AD 04 - Reinaldo V2",inactive,"Clique de 7 dias, visualização de 1 dia ou visualização com engajamento de 1 dia",,,0,0,,200,Diário,0,Contínuo,–,–,–,0,0,,,,,0,0,0,,,,,0,0,,
2026-05-01,2026-08-08,"AD 06",inactive,"Clique de 7 dias, visualização de 1 dia ou visualização com engajamento de 1 dia",,,0,0,,40,Diário,0,Contínuo,–,–,–,0,0,,,,,0,0,0,,,,,0,0,,
2026-05-01,2026-08-08,"AD 04 - Juju",inactive,"Clique de 7 dias ou visualização de 1 dia",,,0,0,,200,Diário,0,Contínuo,–,–,–,0,0,,,,,0,0,0,,,,,0,0,,
2026-05-01,2026-08-08,"AD 06",not_delivering,"Clique de 7 dias ou visualização de 1 dia",,,0,0,,20,Diário,0,Contínuo,–,–,–,0,0,,,,,0,0,0,,,,,0,0,,
2026-05-01,2026-08-08,"AD 06",inactive,"Clique de 7 dias ou visualização de 1 dia",,,0,0,,200,Diário,0,Contínuo,–,–,–,0,0,,,,,0,0,0,,,,,0,0,,
2026-05-01,2026-08-08,"#AD008 - Link tester",not_delivering,"Clique de 7 dias, visualização de 1 dia ou visualização com engajamento de 1 dia",,,0,0,,10,Diário,0,Contínuo,–,–,–,0,0,,,,,0,0,0,,,,,0,0,,
2026-05-01,2026-08-08,"AD 02 - Reinaldo LP V2",inactive,"Clique de 7 dias, visualização de 1 dia ou visualização com engajamento de 1 dia",,,0,0,,30,Diário,0,Contínuo,–,–,–,0,0,,,,,0,0,0,,,,,0,0,,
2026-05-01,2026-08-08,"AD 03 - Famosas LP V2",inactive,"Clique de 7 dias, visualização de 1 dia ou visualização com engajamento de 1 dia",,,0,0,,30,Diário,0,Contínuo,–,–,–,0,0,,,,,0,0,0,,,,,0,0,,
2026-05-01,2026-08-08,"AD 04 - Lancamento LP V2",inactive,"Clique de 7 dias, visualização de 1 dia ou visualização com engajamento de 1 dia",,,0,0,,30,Diário,0,Contínuo,–,–,–,0,0,,,,,0,0,0,,,,,0,0,,
2026-05-01,2026-08-08,"#AD10 - Não vai dizer que ainda usa spray",inactive,"Clique de 7 dias, visualização de 1 dia ou visualização com engajamento de 1 dia",,,0,0,,200,Diário,0,Contínuo,–,–,–,0,0,,,,,0,0,0,,,,,0,0,,
2026-05-01,2026-08-08,"#AD10 - Não vai dizer que ainda usa spray",inactive,"Clique de 7 dias, visualização de 1 dia ou visualização com engajamento de 1 dia",,,0,0,,200,Diário,0,Contínuo,–,–,–,0,0,,,,,0,0,0,,,,,0,0,,
2026-05-01,2026-08-08,"#AD10 - Não vai dizer que ainda usa spray",inactive,"Clique de 7 dias, visualização de 1 dia ou visualização com engajamento de 1 dia",,,0,0,,60,Diário,0,Contínuo,–,–,–,0,0,,,,,0,0,0,,,,,0,0,,
2026-05-01,2026-08-08,"#AD002 - Vídeo",inactive,"Clique de 7 dias ou visualização de 1 dia",,,0,0,,40,Diário,0,Contínuo,–,–,–,0,0,,,,,0,0,0,,,,,0,0,,
2026-05-01,2026-08-08,"AD 05",inactive,"Clique de 7 dias ou visualização de 1 dia",,,0,0,,20,Diário,0,Contínuo,–,–,–,0,0,,,,,0,0,0,,,,,0,0,,
2026-05-01,2026-08-08,#AD009,inactive,"Clique de 7 dias ou visualização de 1 dia",,,0,0,,20,Diário,0,Contínuo,–,–,–,0,0,,,,,0,0,0,,,,,0,0,,
2026-05-01,2026-08-08,#AD11,inactive,"Clique de 7 dias ou visualização de 1 dia",,,0,0,,20,Diário,0,Contínuo,–,–,–,0,0,,,,,0,0,0,,,,,0,0,,
2026-05-01,2026-08-08,#AD008,inactive,"Clique de 7 dias ou visualização de 1 dia",,,0,0,,20,Diário,0,Contínuo,–,–,–,0,0,,,,,0,0,0,,,,,0,0,,
2026-05-01,2026-08-08,#AD007,inactive,"Clique de 7 dias ou visualização de 1 dia",,,0,0,,20,Diário,0,Contínuo,–,–,–,0,0,,,,,0,0,0,,,,,0,0,,
2026-05-01,2026-08-08,"#AD002 - Reinaldo na área gourmet - calça",inactive,"Clique de 1 dia",,,0,0,,10,Diário,0,Contínuo,–,–,–,0,0,,,,,0,0,0,,,,,0,0,,
